{
    "activations": {
        "heap_overlay_pool": {
            "activation_alignment": 4,
            "buffer_data_size": 0,
            "buffer_offsets": [
                {
                    "buffer_name": "input_output_array",
                    "offset": 267812,
                    "size": 8160
                },
                {
                    "buffer_name": "_conv1_Conv_output_0_output_array",
                    "offset": 6656,
                    "size": 261120
                },
                {
                    "buffer_name": "_Relu_output_0_output_array",
                    "offset": 6656,
                    "size": 261120
                },
                {
                    "buffer_name": "_conv2_Conv_output_0_output_array",
                    "offset": 0,
                    "size": 64000
                },
                {
                    "buffer_name": "_conv3_Conv_output_0_output_array",
                    "offset": 65152,
                    "size": 128000
                },
                {
                    "buffer_name": "_Relu_2_output_0_output_array",
                    "offset": 65152,
                    "size": 128000
                },
                {
                    "buffer_name": "_conv4_Conv_output_0_output_array",
                    "offset": 51584,
                    "size": 128000
                },
                {
                    "buffer_name": "_Relu_3_output_0_output_array",
                    "offset": 51584,
                    "size": 128000
                },
                {
                    "buffer_name": "_pool2_GlobalAveragePool_output_0_output_array",
                    "offset": 0,
                    "size": 256
                },
                {
                    "buffer_name": "_fc1_Gemm_output_0_output_array",
                    "offset": 256,
                    "size": 128
                },
                {
                    "buffer_name": "_Relu_4_output_0_output_array",
                    "offset": 0,
                    "size": 128
                },
                {
                    "buffer_name": "output_output_array",
                    "offset": 128,
                    "size": 32
                },
                {
                    "buffer_name": "_conv1_Conv_output_0_scratch0_array",
                    "offset": 267776,
                    "size": 36
                },
                {
                    "buffer_name": "_conv2_Conv_output_0_scratch0_array",
                    "offset": 267776,
                    "size": 1152
                },
                {
                    "buffer_name": "_conv2_Conv_output_0_scratch1_array",
                    "offset": 268928,
                    "size": 13056
                },
                {
                    "buffer_name": "_conv3_Conv_output_0_scratch0_array",
                    "offset": 64000,
                    "size": 1152
                },
                {
                    "buffer_name": "_conv4_Conv_output_0_scratch0_array",
                    "offset": 0,
                    "size": 2304
                }
            ],
            "data_alignment": 4,
            "pool_id": 0,
            "pool_size": -1,
            "used_size": 281984
        }
    },
    "activations_alignment": 4,
    "arguments": "analyze --target stm32l4 --name network -m C:/Users/ronan/Documents/ETH/S2/Machine Learning on Microcontrollers/project/reports/20250611-120913/model.onnx --compression none --verbosity 1 --workspace C:/Users/ronan/AppData/Local/Temp/mxAI_workspace4916095838010012703686954241778034 --output C:/Users/ronan/.stm32cubemx/network_output",
    "c_activations_count": 1,
    "c_arrays": [
        {
            "c_bits": 32,
            "c_id": 0,
            "c_mem_pool": "**default**",
            "c_size_in_byte": 128000,
            "c_type": "float",
            "format": "float",
            "is_const": false,
            "mem_pool": "activations",
            "n_items": 32000,
            "name": "_Relu_2_output_0_output_array",
            "offset": 65152,
            "scale": [],
            "size": 32000,
            "tensors": [
                {
                    "name": "_Relu_2_output_0_output",
                    "shape": [
                        20,
                        25,
                        64
                    ]
                }
            ],
            "zeropoint": []
        },
        {
            "c_bits": 32,
            "c_id": 1,
            "c_mem_pool": "**default**",
            "c_size_in_byte": 128000,
            "c_type": "float",
            "format": "float",
            "is_const": false,
            "mem_pool": "activations",
            "n_items": 32000,
            "name": "_Relu_3_output_0_output_array",
            "offset": 51584,
            "scale": [],
            "size": 32000,
            "tensors": [
                {
                    "name": "_Relu_3_output_0_output",
                    "shape": [
                        20,
                        25,
                        64
                    ]
                }
            ],
            "zeropoint": []
        },
        {
            "c_bits": 32,
            "c_id": 2,
            "c_mem_pool": "**default**",
            "c_size_in_byte": 128,
            "c_type": "float",
            "format": "float",
            "is_const": false,
            "mem_pool": "activations",
            "n_items": 32,
            "name": "_Relu_4_output_0_output_array",
            "offset": 0,
            "scale": [],
            "size": 32,
            "tensors": [
                {
                    "name": "_Relu_4_output_0_output",
                    "shape": [
                        32
                    ]
                }
            ],
            "zeropoint": []
        },
        {
            "c_bits": 32,
            "c_id": 3,
            "c_mem_pool": "**default**",
            "c_size_in_byte": 261120,
            "c_type": "float",
            "format": "float",
            "is_const": false,
            "mem_pool": "activations",
            "n_items": 65280,
            "name": "_Relu_output_0_output_array",
            "offset": 6656,
            "scale": [],
            "size": 65280,
            "tensors": [
                {
                    "name": "_Relu_output_0_output",
                    "shape": [
                        40,
                        51,
                        32
                    ]
                }
            ],
            "zeropoint": []
        },
        {
            "c_bits": 32,
            "c_id": 4,
            "c_mem_pool": "weights",
            "c_size_in_byte": 128,
            "c_type": "const float",
            "format": "float",
            "is_const": true,
            "mem_pool": "weights",
            "n_items": 32,
            "name": "_conv1_Conv_output_0_bias_array",
            "offset": 1152,
            "scale": [],
            "size": 32,
            "tensors": [
                {
                    "name": "_conv1_Conv_output_0_bias",
                    "shape": [
                        32
                    ]
                }
            ],
            "zeropoint": [],
            "zeros": 0
        },
        {
            "c_bits": 32,
            "c_id": 5,
            "c_mem_pool": "**default**",
            "c_size_in_byte": 261120,
            "c_type": "float",
            "format": "float",
            "is_const": false,
            "mem_pool": "activations",
            "n_items": 65280,
            "name": "_conv1_Conv_output_0_output_array",
            "offset": 6656,
            "scale": [],
            "size": 65280,
            "tensors": [
                {
                    "name": "_conv1_Conv_output_0_output",
                    "shape": [
                        40,
                        51,
                        32
                    ]
                }
            ],
            "zeropoint": []
        },
        {
            "c_bits": 32,
            "c_id": 6,
            "c_mem_pool": "**default**",
            "c_size_in_byte": 36,
            "c_type": "float",
            "format": "float",
            "is_const": false,
            "mem_pool": "activations",
            "n_items": 9,
            "name": "_conv1_Conv_output_0_scratch0_array",
            "offset": 267776,
            "scale": [],
            "size": 9,
            "tensors": [
                {
                    "name": "_conv1_Conv_output_0_scratch0",
                    "shape": [
                        3,
                        3,
                        1,
                        1
                    ]
                }
            ],
            "zeropoint": []
        },
        {
            "c_bits": 32,
            "c_id": 7,
            "c_mem_pool": "weights",
            "c_size_in_byte": 1152,
            "c_type": "const float",
            "format": "float",
            "is_const": true,
            "mem_pool": "weights",
            "n_items": 288,
            "name": "_conv1_Conv_output_0_weights_array",
            "offset": 0,
            "scale": [],
            "size": 288,
            "tensors": [
                {
                    "name": "_conv1_Conv_output_0_weights",
                    "shape": [
                        32,
                        3,
                        3,
                        1
                    ]
                }
            ],
            "zeropoint": [],
            "zeros": 0
        },
        {
            "c_bits": 32,
            "c_id": 8,
            "c_mem_pool": "weights",
            "c_size_in_byte": 128,
            "c_type": "const float",
            "format": "float",
            "is_const": true,
            "mem_pool": "weights",
            "n_items": 32,
            "name": "_conv2_Conv_output_0_bias_array",
            "offset": 38144,
            "scale": [],
            "size": 32,
            "tensors": [
                {
                    "name": "_conv2_Conv_output_0_bias",
                    "shape": [
                        32
                    ]
                }
            ],
            "zeropoint": [],
            "zeros": 0
        },
        {
            "c_bits": 32,
            "c_id": 9,
            "c_mem_pool": "**default**",
            "c_size_in_byte": 64000,
            "c_type": "float",
            "format": "float",
            "is_const": false,
            "mem_pool": "activations",
            "n_items": 16000,
            "name": "_conv2_Conv_output_0_output_array",
            "offset": 0,
            "scale": [],
            "size": 16000,
            "tensors": [
                {
                    "name": "_conv2_Conv_output_0_output",
                    "shape": [
                        20,
                        25,
                        32
                    ]
                }
            ],
            "zeropoint": []
        },
        {
            "c_bits": 32,
            "c_id": 10,
            "c_mem_pool": "**default**",
            "c_size_in_byte": 1152,
            "c_type": "float",
            "format": "float",
            "is_const": false,
            "mem_pool": "activations",
            "n_items": 288,
            "name": "_conv2_Conv_output_0_scratch0_array",
            "offset": 267776,
            "scale": [],
            "size": 288,
            "tensors": [
                {
                    "name": "_conv2_Conv_output_0_scratch0",
                    "shape": [
                        3,
                        3,
                        32,
                        1
                    ]
                }
            ],
            "zeropoint": []
        },
        {
            "c_bits": 32,
            "c_id": 11,
            "c_mem_pool": "**default**",
            "c_size_in_byte": 13056,
            "c_type": "float",
            "format": "float",
            "is_const": false,
            "mem_pool": "activations",
            "n_items": 3264,
            "name": "_conv2_Conv_output_0_scratch1_array",
            "offset": 268928,
            "scale": [],
            "size": 3264,
            "tensors": [
                {
                    "name": "_conv2_Conv_output_0_scratch1",
                    "shape": [
                        2,
                        51,
                        32,
                        1
                    ]
                }
            ],
            "zeropoint": []
        },
        {
            "c_bits": 32,
            "c_id": 12,
            "c_mem_pool": "weights",
            "c_size_in_byte": 36864,
            "c_type": "const float",
            "format": "float",
            "is_const": true,
            "mem_pool": "weights",
            "n_items": 9216,
            "name": "_conv2_Conv_output_0_weights_array",
            "offset": 1280,
            "scale": [],
            "size": 9216,
            "tensors": [
                {
                    "name": "_conv2_Conv_output_0_weights",
                    "shape": [
                        32,
                        3,
                        3,
                        32
                    ]
                }
            ],
            "zeropoint": [],
            "zeros": 0
        },
        {
            "c_bits": 32,
            "c_id": 13,
            "c_mem_pool": "weights",
            "c_size_in_byte": 256,
            "c_type": "const float",
            "format": "float",
            "is_const": true,
            "mem_pool": "weights",
            "n_items": 64,
            "name": "_conv3_Conv_output_0_bias_array",
            "offset": 112000,
            "scale": [],
            "size": 64,
            "tensors": [
                {
                    "name": "_conv3_Conv_output_0_bias",
                    "shape": [
                        64
                    ]
                }
            ],
            "zeropoint": [],
            "zeros": 0
        },
        {
            "c_bits": 32,
            "c_id": 14,
            "c_mem_pool": "**default**",
            "c_size_in_byte": 128000,
            "c_type": "float",
            "format": "float",
            "is_const": false,
            "mem_pool": "activations",
            "n_items": 32000,
            "name": "_conv3_Conv_output_0_output_array",
            "offset": 65152,
            "scale": [],
            "size": 32000,
            "tensors": [
                {
                    "name": "_conv3_Conv_output_0_output",
                    "shape": [
                        20,
                        25,
                        64
                    ]
                }
            ],
            "zeropoint": []
        },
        {
            "c_bits": 32,
            "c_id": 15,
            "c_mem_pool": "**default**",
            "c_size_in_byte": 1152,
            "c_type": "float",
            "format": "float",
            "is_const": false,
            "mem_pool": "activations",
            "n_items": 288,
            "name": "_conv3_Conv_output_0_scratch0_array",
            "offset": 64000,
            "scale": [],
            "size": 288,
            "tensors": [
                {
                    "name": "_conv3_Conv_output_0_scratch0",
                    "shape": [
                        3,
                        3,
                        32,
                        1
                    ]
                }
            ],
            "zeropoint": []
        },
        {
            "c_bits": 32,
            "c_id": 16,
            "c_mem_pool": "weights",
            "c_size_in_byte": 73728,
            "c_type": "const float",
            "format": "float",
            "is_const": true,
            "mem_pool": "weights",
            "n_items": 18432,
            "name": "_conv3_Conv_output_0_weights_array",
            "offset": 38272,
            "scale": [],
            "size": 18432,
            "tensors": [
                {
                    "name": "_conv3_Conv_output_0_weights",
                    "shape": [
                        64,
                        3,
                        3,
                        32
                    ]
                }
            ],
            "zeropoint": [],
            "zeros": 0
        },
        {
            "c_bits": 32,
            "c_id": 17,
            "c_mem_pool": "weights",
            "c_size_in_byte": 256,
            "c_type": "const float",
            "format": "float",
            "is_const": true,
            "mem_pool": "weights",
            "n_items": 64,
            "name": "_conv4_Conv_output_0_bias_array",
            "offset": 259712,
            "scale": [],
            "size": 64,
            "tensors": [
                {
                    "name": "_conv4_Conv_output_0_bias",
                    "shape": [
                        64
                    ]
                }
            ],
            "zeropoint": [],
            "zeros": 0
        },
        {
            "c_bits": 32,
            "c_id": 18,
            "c_mem_pool": "**default**",
            "c_size_in_byte": 128000,
            "c_type": "float",
            "format": "float",
            "is_const": false,
            "mem_pool": "activations",
            "n_items": 32000,
            "name": "_conv4_Conv_output_0_output_array",
            "offset": 51584,
            "scale": [],
            "size": 32000,
            "tensors": [
                {
                    "name": "_conv4_Conv_output_0_output",
                    "shape": [
                        20,
                        25,
                        64
                    ]
                }
            ],
            "zeropoint": []
        },
        {
            "c_bits": 32,
            "c_id": 19,
            "c_mem_pool": "**default**",
            "c_size_in_byte": 2304,
            "c_type": "float",
            "format": "float",
            "is_const": false,
            "mem_pool": "activations",
            "n_items": 576,
            "name": "_conv4_Conv_output_0_scratch0_array",
            "offset": 0,
            "scale": [],
            "size": 576,
            "tensors": [
                {
                    "name": "_conv4_Conv_output_0_scratch0",
                    "shape": [
                        3,
                        3,
                        64,
                        1
                    ]
                }
            ],
            "zeropoint": []
        },
        {
            "c_bits": 32,
            "c_id": 20,
            "c_mem_pool": "weights",
            "c_size_in_byte": 147456,
            "c_type": "const float",
            "format": "float",
            "is_const": true,
            "mem_pool": "weights",
            "n_items": 36864,
            "name": "_conv4_Conv_output_0_weights_array",
            "offset": 112256,
            "scale": [],
            "size": 36864,
            "tensors": [
                {
                    "name": "_conv4_Conv_output_0_weights",
                    "shape": [
                        64,
                        3,
                        3,
                        64
                    ]
                }
            ],
            "zeropoint": [],
            "zeros": 0
        },
        {
            "c_bits": 32,
            "c_id": 21,
            "c_mem_pool": "weights",
            "c_size_in_byte": 128,
            "c_type": "const float",
            "format": "float",
            "is_const": true,
            "mem_pool": "weights",
            "n_items": 32,
            "name": "_fc1_Gemm_output_0_bias_array",
            "offset": 268160,
            "scale": [],
            "size": 32,
            "tensors": [
                {
                    "name": "_fc1_Gemm_output_0_bias",
                    "shape": [
                        32
                    ]
                }
            ],
            "zeropoint": [],
            "zeros": 0
        },
        {
            "c_bits": 32,
            "c_id": 22,
            "c_mem_pool": "**default**",
            "c_size_in_byte": 128,
            "c_type": "float",
            "format": "float",
            "is_const": false,
            "mem_pool": "activations",
            "n_items": 32,
            "name": "_fc1_Gemm_output_0_output_array",
            "offset": 256,
            "scale": [],
            "size": 32,
            "tensors": [
                {
                    "name": "_fc1_Gemm_output_0_output",
                    "shape": [
                        32
                    ]
                }
            ],
            "zeropoint": []
        },
        {
            "c_bits": 32,
            "c_id": 23,
            "c_mem_pool": "weights",
            "c_size_in_byte": 8192,
            "c_type": "const float",
            "format": "float",
            "is_const": true,
            "mem_pool": "weights",
            "n_items": 2048,
            "name": "_fc1_Gemm_output_0_weights_array",
            "offset": 259968,
            "scale": [],
            "size": 2048,
            "tensors": [
                {
                    "name": "_fc1_Gemm_output_0_weights",
                    "shape": [
                        32,
                        64
                    ]
                }
            ],
            "zeropoint": [],
            "zeros": 0
        },
        {
            "c_bits": 32,
            "c_id": 24,
            "c_mem_pool": "**default**",
            "c_size_in_byte": 256,
            "c_type": "float",
            "format": "float",
            "is_const": false,
            "mem_pool": "activations",
            "n_items": 64,
            "name": "_pool2_GlobalAveragePool_output_0_output_array",
            "offset": 0,
            "scale": [],
            "size": 64,
            "tensors": [
                {
                    "name": "_pool2_GlobalAveragePool_output_0_output",
                    "shape": [
                        1,
                        1,
                        64
                    ]
                }
            ],
            "zeropoint": []
        },
        {
            "c_bits": 32,
            "c_id": 25,
            "c_mem_pool": "**default**",
            "c_size_in_byte": 8160,
            "c_type": "float",
            "format": "float",
            "io_type": "input",
            "is_const": false,
            "mem_pool": "activations",
            "n_items": 2040,
            "name": "input_output_array",
            "offset": 267812,
            "scale": [],
            "size": 2040,
            "tensors": [
                {
                    "name": "input_output",
                    "shape": [
                        40,
                        51,
                        1
                    ]
                }
            ],
            "zeropoint": []
        },
        {
            "c_bits": 32,
            "c_id": 26,
            "c_mem_pool": "weights",
            "c_size_in_byte": 32,
            "c_type": "const float",
            "format": "float",
            "is_const": true,
            "mem_pool": "weights",
            "n_items": 8,
            "name": "output_bias_array",
            "offset": 269312,
            "scale": [],
            "size": 8,
            "tensors": [
                {
                    "name": "output_bias",
                    "shape": [
                        8
                    ]
                }
            ],
            "zeropoint": [],
            "zeros": 0
        },
        {
            "c_bits": 32,
            "c_id": 27,
            "c_mem_pool": "**default**",
            "c_size_in_byte": 32,
            "c_type": "float",
            "format": "float",
            "io_type": "output",
            "is_const": false,
            "mem_pool": "activations",
            "n_items": 8,
            "name": "output_output_array",
            "offset": 128,
            "scale": [],
            "size": 8,
            "tensors": [
                {
                    "name": "output_output",
                    "shape": [
                        8
                    ]
                }
            ],
            "zeropoint": []
        },
        {
            "c_bits": 32,
            "c_id": 28,
            "c_mem_pool": "weights",
            "c_size_in_byte": 1024,
            "c_type": "const float",
            "format": "float",
            "is_const": true,
            "mem_pool": "weights",
            "n_items": 256,
            "name": "output_weights_array",
            "offset": 268288,
            "scale": [],
            "size": 256,
            "tensors": [
                {
                    "name": "output_weights",
                    "shape": [
                        8,
                        32
                    ]
                }
            ],
            "zeropoint": [],
            "zeros": 0
        }
    ],
    "c_arrays_n": 29,
    "c_layers": [
        {
            "c_forward": [
                "forward_conv2d_if32of32wf32"
            ],
            "c_id": 0,
            "is_wrapped": "",
            "layer_type": "Conv2D",
            "m_id": 1,
            "macc": 587552,
            "name": "_conv1_Conv_output_0",
            "op_by_type": {
                "smul_f32_f32": 587552
            },
            "rom": 1280,
            "tensors": {
                "inputs": [
                    "input_output"
                ],
                "outputs": [
                    "_conv1_Conv_output_0_output"
                ],
                "scratchs": [
                    "_conv1_Conv_output_0_scratch0"
                ],
                "weights": [
                    "_conv1_Conv_output_0_weights",
                    "_conv1_Conv_output_0_bias"
                ]
            },
            "weight_sparsity": [
                0.0,
                320,
                0
            ]
        },
        {
            "c_forward": [
                "forward_relu"
            ],
            "c_id": 1,
            "is_wrapped": "",
            "layer_type": "Nonlinearity",
            "m_id": 2,
            "macc": 65280,
            "name": "_Relu_output_0",
            "op_by_type": {
                "op_f32_f32": 65280
            },
            "rom": 0,
            "tensors": {
                "inputs": [
                    "_conv1_Conv_output_0_output"
                ],
                "outputs": [
                    "_Relu_output_0_output"
                ],
                "scratchs": [],
                "weights": []
            },
            "weight_sparsity": [
                0.0,
                1,
                0
            ]
        },
        {
            "c_forward": [
                "forward_conv2d_if32of32wf32_nl_pool"
            ],
            "c_id": 2,
            "is_wrapped": "",
            "layer_type": "Conv2D",
            "m_id": 5,
            "macc": 18929952,
            "name": "_conv2_Conv_output_0",
            "op_by_type": {
                "smul_f32_f32": 18929952
            },
            "rom": 36992,
            "tensors": {
                "inputs": [
                    "_Relu_output_0_output"
                ],
                "outputs": [
                    "_conv2_Conv_output_0_output"
                ],
                "scratchs": [
                    "_conv2_Conv_output_0_scratch0",
                    "_conv2_Conv_output_0_scratch1"
                ],
                "weights": [
                    "_conv2_Conv_output_0_weights",
                    "_conv2_Conv_output_0_bias"
                ]
            },
            "weight_sparsity": [
                0.0,
                9248,
                0
            ]
        },
        {
            "c_forward": [
                "forward_conv2d_if32of32wf32"
            ],
            "c_id": 3,
            "is_wrapped": "",
            "layer_type": "Conv2D",
            "m_id": 6,
            "macc": 9216064,
            "name": "_conv3_Conv_output_0",
            "op_by_type": {
                "smul_f32_f32": 9216064
            },
            "rom": 73984,
            "tensors": {
                "inputs": [
                    "_conv2_Conv_output_0_output"
                ],
                "outputs": [
                    "_conv3_Conv_output_0_output"
                ],
                "scratchs": [
                    "_conv3_Conv_output_0_scratch0"
                ],
                "weights": [
                    "_conv3_Conv_output_0_weights",
                    "_conv3_Conv_output_0_bias"
                ]
            },
            "weight_sparsity": [
                0.0,
                18496,
                0
            ]
        },
        {
            "c_forward": [
                "forward_relu"
            ],
            "c_id": 4,
            "is_wrapped": "",
            "layer_type": "Nonlinearity",
            "m_id": 7,
            "macc": 32000,
            "name": "_Relu_2_output_0",
            "op_by_type": {
                "op_f32_f32": 32000
            },
            "rom": 0,
            "tensors": {
                "inputs": [
                    "_conv3_Conv_output_0_output"
                ],
                "outputs": [
                    "_Relu_2_output_0_output"
                ],
                "scratchs": [],
                "weights": []
            },
            "weight_sparsity": [
                0.0,
                1,
                0
            ]
        },
        {
            "c_forward": [
                "forward_conv2d_if32of32wf32"
            ],
            "c_id": 5,
            "is_wrapped": "",
            "layer_type": "Conv2D",
            "m_id": 8,
            "macc": 18432064,
            "name": "_conv4_Conv_output_0",
            "op_by_type": {
                "smul_f32_f32": 18432064
            },
            "rom": 147712,
            "tensors": {
                "inputs": [
                    "_Relu_2_output_0_output"
                ],
                "outputs": [
                    "_conv4_Conv_output_0_output"
                ],
                "scratchs": [
                    "_conv4_Conv_output_0_scratch0"
                ],
                "weights": [
                    "_conv4_Conv_output_0_weights",
                    "_conv4_Conv_output_0_bias"
                ]
            },
            "weight_sparsity": [
                0.0,
                36928,
                0
            ]
        },
        {
            "c_forward": [
                "forward_relu"
            ],
            "c_id": 6,
            "is_wrapped": "",
            "layer_type": "Nonlinearity",
            "m_id": 9,
            "macc": 32000,
            "name": "_Relu_3_output_0",
            "op_by_type": {
                "op_f32_f32": 32000
            },
            "rom": 0,
            "tensors": {
                "inputs": [
                    "_conv4_Conv_output_0_output"
                ],
                "outputs": [
                    "_Relu_3_output_0_output"
                ],
                "scratchs": [],
                "weights": []
            },
            "weight_sparsity": [
                0.0,
                1,
                0
            ]
        },
        {
            "c_forward": [
                "forward_ap"
            ],
            "c_id": 7,
            "is_wrapped": "",
            "layer_type": "Pool",
            "m_id": 10,
            "macc": 32000,
            "name": "_pool2_GlobalAveragePool_output_0",
            "op_by_type": {
                "smul_f32_f32": 32000
            },
            "rom": 0,
            "tensors": {
                "inputs": [
                    "_Relu_3_output_0_output"
                ],
                "outputs": [
                    "_pool2_GlobalAveragePool_output_0_output"
                ],
                "scratchs": [],
                "weights": []
            },
            "weight_sparsity": [
                0.0,
                1,
                0
            ]
        },
        {
            "c_forward": [
                "forward_dense"
            ],
            "c_id": 8,
            "is_wrapped": "",
            "layer_type": "Dense",
            "m_id": 19,
            "macc": 2080,
            "name": "_fc1_Gemm_output_0",
            "op_by_type": {
                "smul_f32_f32": 2080
            },
            "rom": 8320,
            "tensors": {
                "inputs": [
                    "_pool2_GlobalAveragePool_output_0_output"
                ],
                "outputs": [
                    "_fc1_Gemm_output_0_output"
                ],
                "scratchs": [],
                "weights": [
                    "_fc1_Gemm_output_0_weights",
                    "_fc1_Gemm_output_0_bias"
                ]
            },
            "weight_sparsity": [
                0.0,
                2080,
                0
            ]
        },
        {
            "c_forward": [
                "forward_relu"
            ],
            "c_id": 9,
            "is_wrapped": "",
            "layer_type": "Nonlinearity",
            "m_id": 20,
            "macc": 32,
            "name": "_Relu_4_output_0",
            "op_by_type": {
                "op_f32_f32": 32
            },
            "rom": 0,
            "tensors": {
                "inputs": [
                    "_fc1_Gemm_output_0_output"
                ],
                "outputs": [
                    "_Relu_4_output_0_output"
                ],
                "scratchs": [],
                "weights": []
            },
            "weight_sparsity": [
                0.0,
                1,
                0
            ]
        },
        {
            "c_forward": [
                "forward_dense"
            ],
            "c_id": 10,
            "is_wrapped": "",
            "layer_type": "Dense",
            "m_id": 21,
            "macc": 264,
            "name": "output",
            "op_by_type": {
                "smul_f32_f32": 264
            },
            "rom": 1056,
            "tensors": {
                "inputs": [
                    "_Relu_4_output_0_output"
                ],
                "outputs": [
                    "output_output"
                ],
                "scratchs": [],
                "weights": [
                    "output_weights",
                    "output_bias"
                ]
            },
            "weight_sparsity": [
                0.0,
                264,
                0
            ]
        }
    ],
    "c_name": "network",
    "c_nodes_n": 11,
    "c_weights_count": 1,
    "c_weights_header": 0,
    "compilation_options": {
        "compression": "none",
        "optimization": "balanced",
        "options": [
            "allocate-inputs",
            "allocate-outputs"
        ]
    },
    "data_alignment": 4,
    "date_time": "2025-06-11T23:21:02+0200",
    "inputs": [
        "input_output"
    ],
    "macc": 47329288,
    "memory_footprint": {
        "activations": 281984,
        "io": [
            0,
            0
        ],
        "kernel_flash": 18000,
        "kernel_ram": 4020,
        "series": "stm32l4",
        "target": "stm32l4",
        "toolchain": "arm-none-eabi-gcc (GNU Tools for STM32 13.3.rel1.20240926-1715) 13.3.1 20240614",
        "toolchain_flash": 0,
        "toolchain_ram": 0,
        "weights": 269344
    },
    "memory_pools": [],
    "model_fmt": "float",
    "model_name": "model",
    "model_signature": "0x8539dbdfb703acc59c687f3797725665",
    "outputs": [
        "output_output"
    ],
    "st_ai_version": "2.0.0-20049",
    "tool_version": "2.0.0-20049",
    "type": "onnx",
    "version": "1.2",
    "weights": {
        "weights_array": {
            "buffer_data_size": 269344,
            "buffer_offsets": [
                {
                    "buffer_name": "_conv1_Conv_output_0_weights_array",
                    "offset": 0,
                    "size": 1152
                },
                {
                    "buffer_name": "_conv1_Conv_output_0_bias_array",
                    "offset": 1152,
                    "size": 128
                },
                {
                    "buffer_name": "_conv2_Conv_output_0_weights_array",
                    "offset": 1280,
                    "size": 36864
                },
                {
                    "buffer_name": "_conv2_Conv_output_0_bias_array",
                    "offset": 38144,
                    "size": 128
                },
                {
                    "buffer_name": "_conv3_Conv_output_0_weights_array",
                    "offset": 38272,
                    "size": 73728
                },
                {
                    "buffer_name": "_conv3_Conv_output_0_bias_array",
                    "offset": 112000,
                    "size": 256
                },
                {
                    "buffer_name": "_conv4_Conv_output_0_weights_array",
                    "offset": 112256,
                    "size": 147456
                },
                {
                    "buffer_name": "_conv4_Conv_output_0_bias_array",
                    "offset": 259712,
                    "size": 256
                },
                {
                    "buffer_name": "_fc1_Gemm_output_0_weights_array",
                    "offset": 259968,
                    "size": 8192
                },
                {
                    "buffer_name": "_fc1_Gemm_output_0_bias_array",
                    "offset": 268160,
                    "size": 128
                },
                {
                    "buffer_name": "output_weights_array",
                    "offset": 268288,
                    "size": 1024
                },
                {
                    "buffer_name": "output_bias_array",
                    "offset": 269312,
                    "size": 32
                }
            ],
            "pool_size": -1,
            "used_size": 269344
        }
    }
}