{
    "activations": {
        "heap_overlay_pool": {
            "activation_alignment": 4,
            "buffer_data_size": 0,
            "buffer_offsets": [
                {
                    "buffer_name": "input_output_array",
                    "offset": 32020,
                    "size": 8160
                },
                {
                    "buffer_name": "_conv1_Conv_output_0_output_array",
                    "offset": 3392,
                    "size": 32000
                },
                {
                    "buffer_name": "_conv2_Conv_output_0_output_array",
                    "offset": 0,
                    "size": 15360
                },
                {
                    "buffer_name": "_conv3_Conv_output_0_output_array",
                    "offset": 16512,
                    "size": 30720
                },
                {
                    "buffer_name": "_Relu_2_output_0_output_array",
                    "offset": 16512,
                    "size": 30720
                },
                {
                    "buffer_name": "_pool3_GlobalAveragePool_output_0_output_array",
                    "offset": 0,
                    "size": 256
                },
                {
                    "buffer_name": "output_output_array",
                    "offset": 256,
                    "size": 16
                },
                {
                    "buffer_name": "_conv1_Conv_output_0_scratch0_array",
                    "offset": 40180,
                    "size": 36
                },
                {
                    "buffer_name": "_conv1_Conv_output_0_scratch1_array",
                    "offset": 40216,
                    "size": 6528
                },
                {
                    "buffer_name": "_conv2_Conv_output_0_scratch0_array",
                    "offset": 35392,
                    "size": 576
                },
                {
                    "buffer_name": "_conv2_Conv_output_0_scratch1_array",
                    "offset": 35968,
                    "size": 6400
                },
                {
                    "buffer_name": "_conv3_Conv_output_0_scratch0_array",
                    "offset": 15360,
                    "size": 1152
                }
            ],
            "data_alignment": 4,
            "pool_id": 0,
            "pool_size": -1,
            "used_size": 47232
        }
    },
    "activations_alignment": 4,
    "arguments": "validate --target stm32l4 --name network -m C:/Users/ronan/Documents/ETH/S2/Machine Learning on Microcontrollers/project/stm_export/model.onnx --compression none --verbosity 1 --workspace C:/Users/ronan/AppData/Local/Temp/mxAI_workspace113873144132004185055527802112452 --output C:/Users/ronan/.stm32cubemx/network_output --mode target --desc serial:COM4:115200",
    "c_activations_count": 1,
    "c_arrays": [
        {
            "c_bits": 32,
            "c_id": 0,
            "c_mem_pool": "**default**",
            "c_size_in_byte": 30720,
            "c_type": "float",
            "format": "float",
            "is_const": false,
            "mem_pool": "activations",
            "n_items": 7680,
            "name": "_Relu_2_output_0_output_array",
            "offset": 16512,
            "scale": [],
            "size": 7680,
            "tensors": [
                {
                    "name": "_Relu_2_output_0_output",
                    "shape": [
                        10,
                        12,
                        64
                    ]
                }
            ],
            "zeropoint": []
        },
        {
            "c_bits": 32,
            "c_id": 1,
            "c_mem_pool": "weights",
            "c_size_in_byte": 64,
            "c_type": "const float",
            "format": "float",
            "is_const": true,
            "mem_pool": "weights",
            "n_items": 16,
            "name": "_conv1_Conv_output_0_bias_array",
            "offset": 576,
            "scale": [],
            "size": 16,
            "tensors": [
                {
                    "name": "_conv1_Conv_output_0_bias",
                    "shape": [
                        16
                    ]
                }
            ],
            "zeropoint": [],
            "zeros": 0
        },
        {
            "c_bits": 32,
            "c_id": 2,
            "c_mem_pool": "**default**",
            "c_size_in_byte": 32000,
            "c_type": "float",
            "format": "float",
            "is_const": false,
            "mem_pool": "activations",
            "n_items": 8000,
            "name": "_conv1_Conv_output_0_output_array",
            "offset": 3392,
            "scale": [],
            "size": 8000,
            "tensors": [
                {
                    "name": "_conv1_Conv_output_0_output",
                    "shape": [
                        20,
                        25,
                        16
                    ]
                }
            ],
            "zeropoint": []
        },
        {
            "c_bits": 32,
            "c_id": 3,
            "c_mem_pool": "**default**",
            "c_size_in_byte": 36,
            "c_type": "float",
            "format": "float",
            "is_const": false,
            "mem_pool": "activations",
            "n_items": 9,
            "name": "_conv1_Conv_output_0_scratch0_array",
            "offset": 40180,
            "scale": [],
            "size": 9,
            "tensors": [
                {
                    "name": "_conv1_Conv_output_0_scratch0",
                    "shape": [
                        3,
                        3,
                        1,
                        1
                    ]
                }
            ],
            "zeropoint": []
        },
        {
            "c_bits": 32,
            "c_id": 4,
            "c_mem_pool": "**default**",
            "c_size_in_byte": 6528,
            "c_type": "float",
            "format": "float",
            "is_const": false,
            "mem_pool": "activations",
            "n_items": 1632,
            "name": "_conv1_Conv_output_0_scratch1_array",
            "offset": 40216,
            "scale": [],
            "size": 1632,
            "tensors": [
                {
                    "name": "_conv1_Conv_output_0_scratch1",
                    "shape": [
                        2,
                        51,
                        16,
                        1
                    ]
                }
            ],
            "zeropoint": []
        },
        {
            "c_bits": 32,
            "c_id": 5,
            "c_mem_pool": "weights",
            "c_size_in_byte": 576,
            "c_type": "const float",
            "format": "float",
            "is_const": true,
            "mem_pool": "weights",
            "n_items": 144,
            "name": "_conv1_Conv_output_0_weights_array",
            "offset": 0,
            "scale": [],
            "size": 144,
            "tensors": [
                {
                    "name": "_conv1_Conv_output_0_weights",
                    "shape": [
                        16,
                        3,
                        3,
                        1
                    ]
                }
            ],
            "zeropoint": [],
            "zeros": 0
        },
        {
            "c_bits": 32,
            "c_id": 6,
            "c_mem_pool": "weights",
            "c_size_in_byte": 128,
            "c_type": "const float",
            "format": "float",
            "is_const": true,
            "mem_pool": "weights",
            "n_items": 32,
            "name": "_conv2_Conv_output_0_bias_array",
            "offset": 19072,
            "scale": [],
            "size": 32,
            "tensors": [
                {
                    "name": "_conv2_Conv_output_0_bias",
                    "shape": [
                        32
                    ]
                }
            ],
            "zeropoint": [],
            "zeros": 0
        },
        {
            "c_bits": 32,
            "c_id": 7,
            "c_mem_pool": "**default**",
            "c_size_in_byte": 15360,
            "c_type": "float",
            "format": "float",
            "is_const": false,
            "mem_pool": "activations",
            "n_items": 3840,
            "name": "_conv2_Conv_output_0_output_array",
            "offset": 0,
            "scale": [],
            "size": 3840,
            "tensors": [
                {
                    "name": "_conv2_Conv_output_0_output",
                    "shape": [
                        10,
                        12,
                        32
                    ]
                }
            ],
            "zeropoint": []
        },
        {
            "c_bits": 32,
            "c_id": 8,
            "c_mem_pool": "**default**",
            "c_size_in_byte": 576,
            "c_type": "float",
            "format": "float",
            "is_const": false,
            "mem_pool": "activations",
            "n_items": 144,
            "name": "_conv2_Conv_output_0_scratch0_array",
            "offset": 35392,
            "scale": [],
            "size": 144,
            "tensors": [
                {
                    "name": "_conv2_Conv_output_0_scratch0",
                    "shape": [
                        3,
                        3,
                        16,
                        1
                    ]
                }
            ],
            "zeropoint": []
        },
        {
            "c_bits": 32,
            "c_id": 9,
            "c_mem_pool": "**default**",
            "c_size_in_byte": 6400,
            "c_type": "float",
            "format": "float",
            "is_const": false,
            "mem_pool": "activations",
            "n_items": 1600,
            "name": "_conv2_Conv_output_0_scratch1_array",
            "offset": 35968,
            "scale": [],
            "size": 1600,
            "tensors": [
                {
                    "name": "_conv2_Conv_output_0_scratch1",
                    "shape": [
                        2,
                        25,
                        32,
                        1
                    ]
                }
            ],
            "zeropoint": []
        },
        {
            "c_bits": 32,
            "c_id": 10,
            "c_mem_pool": "weights",
            "c_size_in_byte": 18432,
            "c_type": "const float",
            "format": "float",
            "is_const": true,
            "mem_pool": "weights",
            "n_items": 4608,
            "name": "_conv2_Conv_output_0_weights_array",
            "offset": 640,
            "scale": [],
            "size": 4608,
            "tensors": [
                {
                    "name": "_conv2_Conv_output_0_weights",
                    "shape": [
                        32,
                        3,
                        3,
                        16
                    ]
                }
            ],
            "zeropoint": [],
            "zeros": 0
        },
        {
            "c_bits": 32,
            "c_id": 11,
            "c_mem_pool": "weights",
            "c_size_in_byte": 256,
            "c_type": "const float",
            "format": "float",
            "is_const": true,
            "mem_pool": "weights",
            "n_items": 64,
            "name": "_conv3_Conv_output_0_bias_array",
            "offset": 92928,
            "scale": [],
            "size": 64,
            "tensors": [
                {
                    "name": "_conv3_Conv_output_0_bias",
                    "shape": [
                        64
                    ]
                }
            ],
            "zeropoint": [],
            "zeros": 0
        },
        {
            "c_bits": 32,
            "c_id": 12,
            "c_mem_pool": "**default**",
            "c_size_in_byte": 30720,
            "c_type": "float",
            "format": "float",
            "is_const": false,
            "mem_pool": "activations",
            "n_items": 7680,
            "name": "_conv3_Conv_output_0_output_array",
            "offset": 16512,
            "scale": [],
            "size": 7680,
            "tensors": [
                {
                    "name": "_conv3_Conv_output_0_output",
                    "shape": [
                        10,
                        12,
                        64
                    ]
                }
            ],
            "zeropoint": []
        },
        {
            "c_bits": 32,
            "c_id": 13,
            "c_mem_pool": "**default**",
            "c_size_in_byte": 1152,
            "c_type": "float",
            "format": "float",
            "is_const": false,
            "mem_pool": "activations",
            "n_items": 288,
            "name": "_conv3_Conv_output_0_scratch0_array",
            "offset": 15360,
            "scale": [],
            "size": 288,
            "tensors": [
                {
                    "name": "_conv3_Conv_output_0_scratch0",
                    "shape": [
                        3,
                        3,
                        32,
                        1
                    ]
                }
            ],
            "zeropoint": []
        },
        {
            "c_bits": 32,
            "c_id": 14,
            "c_mem_pool": "weights",
            "c_size_in_byte": 73728,
            "c_type": "const float",
            "format": "float",
            "is_const": true,
            "mem_pool": "weights",
            "n_items": 18432,
            "name": "_conv3_Conv_output_0_weights_array",
            "offset": 19200,
            "scale": [],
            "size": 18432,
            "tensors": [
                {
                    "name": "_conv3_Conv_output_0_weights",
                    "shape": [
                        64,
                        3,
                        3,
                        32
                    ]
                }
            ],
            "zeropoint": [],
            "zeros": 0
        },
        {
            "c_bits": 32,
            "c_id": 15,
            "c_mem_pool": "**default**",
            "c_size_in_byte": 256,
            "c_type": "float",
            "format": "float",
            "is_const": false,
            "mem_pool": "activations",
            "n_items": 64,
            "name": "_pool3_GlobalAveragePool_output_0_output_array",
            "offset": 0,
            "scale": [],
            "size": 64,
            "tensors": [
                {
                    "name": "_pool3_GlobalAveragePool_output_0_output",
                    "shape": [
                        1,
                        1,
                        64
                    ]
                }
            ],
            "zeropoint": []
        },
        {
            "c_bits": 32,
            "c_id": 16,
            "c_mem_pool": "**default**",
            "c_size_in_byte": 8160,
            "c_type": "float",
            "format": "float",
            "io_type": "input",
            "is_const": false,
            "mem_pool": "activations",
            "n_items": 2040,
            "name": "input_output_array",
            "offset": 32020,
            "scale": [],
            "size": 2040,
            "tensors": [
                {
                    "name": "input_output",
                    "shape": [
                        40,
                        51,
                        1
                    ]
                }
            ],
            "zeropoint": []
        },
        {
            "c_bits": 32,
            "c_id": 17,
            "c_mem_pool": "weights",
            "c_size_in_byte": 16,
            "c_type": "const float",
            "format": "float",
            "is_const": true,
            "mem_pool": "weights",
            "n_items": 4,
            "name": "output_bias_array",
            "offset": 94208,
            "scale": [],
            "size": 4,
            "tensors": [
                {
                    "name": "output_bias",
                    "shape": [
                        4
                    ]
                }
            ],
            "zeropoint": [],
            "zeros": 0
        },
        {
            "c_bits": 32,
            "c_id": 18,
            "c_mem_pool": "**default**",
            "c_size_in_byte": 16,
            "c_type": "float",
            "format": "float",
            "io_type": "output",
            "is_const": false,
            "mem_pool": "activations",
            "n_items": 4,
            "name": "output_output_array",
            "offset": 256,
            "scale": [],
            "size": 4,
            "tensors": [
                {
                    "name": "output_output",
                    "shape": [
                        4
                    ]
                }
            ],
            "zeropoint": []
        },
        {
            "c_bits": 32,
            "c_id": 19,
            "c_mem_pool": "weights",
            "c_size_in_byte": 1024,
            "c_type": "const float",
            "format": "float",
            "is_const": true,
            "mem_pool": "weights",
            "n_items": 256,
            "name": "output_weights_array",
            "offset": 93184,
            "scale": [],
            "size": 256,
            "tensors": [
                {
                    "name": "output_weights",
                    "shape": [
                        4,
                        64
                    ]
                }
            ],
            "zeropoint": [],
            "zeros": 0
        }
    ],
    "c_arrays_n": 20,
    "c_layers": [
        {
            "c_forward": [
                "forward_conv2d_if32of32wf32_nl_pool"
            ],
            "c_id": 0,
            "exec_time": {
                "counters": [
                    8110532
                ],
                "cycles": 8110532,
                "cycles_by_macc": 22.62882237400116,
                "duration_ms": 101.38165054321288,
                "percentage": 16.58572216251904
            },
            "is_wrapped": "",
            "layer_type": "Conv2D",
            "m_id": 3,
            "macc": 358416,
            "name": "_conv1_Conv_output_0",
            "op_by_type": {
                "smul_f32_f32": 358416
            },
            "rom": 640,
            "tensors": {
                "inputs": [
                    "input_output"
                ],
                "outputs": [
                    "_conv1_Conv_output_0_output"
                ],
                "scratchs": [
                    "_conv1_Conv_output_0_scratch0",
                    "_conv1_Conv_output_0_scratch1"
                ],
                "weights": [
                    "_conv1_Conv_output_0_weights",
                    "_conv1_Conv_output_0_bias"
                ]
            },
            "weight_sparsity": [
                0.0,
                160,
                0
            ]
        },
        {
            "c_forward": [
                "forward_conv2d_if32of32wf32_nl_pool"
            ],
            "c_id": 1,
            "exec_time": {
                "counters": [
                    21747879
                ],
                "cycles": 21747878,
                "cycles_by_macc": 9.312303030925857,
                "duration_ms": 271.848486328125,
                "percentage": 44.473565387632014
            },
            "is_wrapped": "",
            "layer_type": "Conv2D",
            "m_id": 6,
            "macc": 2335392,
            "name": "_conv2_Conv_output_0",
            "op_by_type": {
                "smul_f32_f32": 2335392
            },
            "rom": 18560,
            "tensors": {
                "inputs": [
                    "_conv1_Conv_output_0_output"
                ],
                "outputs": [
                    "_conv2_Conv_output_0_output"
                ],
                "scratchs": [
                    "_conv2_Conv_output_0_scratch0",
                    "_conv2_Conv_output_0_scratch1"
                ],
                "weights": [
                    "_conv2_Conv_output_0_weights",
                    "_conv2_Conv_output_0_bias"
                ]
            },
            "weight_sparsity": [
                0.0,
                4640,
                0
            ]
        },
        {
            "c_forward": [
                "forward_conv2d_if32of32wf32"
            ],
            "c_id": 2,
            "exec_time": {
                "counters": [
                    18845002
                ],
                "cycles": 18845002,
                "cycles_by_macc": 8.519810082173548,
                "duration_ms": 235.56252899169922,
                "percentage": 38.537295820522786
            },
            "is_wrapped": "",
            "layer_type": "Conv2D",
            "m_id": 7,
            "macc": 2211904,
            "name": "_conv3_Conv_output_0",
            "op_by_type": {
                "smul_f32_f32": 2211904
            },
            "rom": 73984,
            "tensors": {
                "inputs": [
                    "_conv2_Conv_output_0_output"
                ],
                "outputs": [
                    "_conv3_Conv_output_0_output"
                ],
                "scratchs": [
                    "_conv3_Conv_output_0_scratch0"
                ],
                "weights": [
                    "_conv3_Conv_output_0_weights",
                    "_conv3_Conv_output_0_bias"
                ]
            },
            "weight_sparsity": [
                0.0,
                18496,
                0
            ]
        },
        {
            "c_forward": [
                "forward_relu"
            ],
            "c_id": 3,
            "exec_time": {
                "counters": [
                    107840
                ],
                "cycles": 107840,
                "cycles_by_macc": 14.041666666666666,
                "duration_ms": 1.3480100154876709,
                "percentage": 0.2205302386514387
            },
            "is_wrapped": "",
            "layer_type": "Nonlinearity",
            "m_id": 8,
            "macc": 7680,
            "name": "_Relu_2_output_0",
            "op_by_type": {
                "op_f32_f32": 7680
            },
            "rom": 0,
            "tensors": {
                "inputs": [
                    "_conv3_Conv_output_0_output"
                ],
                "outputs": [
                    "_Relu_2_output_0_output"
                ],
                "scratchs": [],
                "weights": []
            },
            "weight_sparsity": [
                0.0,
                1,
                0
            ]
        },
        {
            "c_forward": [
                "forward_ap"
            ],
            "c_id": 4,
            "exec_time": {
                "counters": [
                    86392
                ],
                "cycles": 86392,
                "cycles_by_macc": 11.248958333333333,
                "duration_ms": 1.0799087643623353,
                "percentage": 0.17666970926803494
            },
            "is_wrapped": "",
            "layer_type": "Pool",
            "m_id": 9,
            "macc": 7680,
            "name": "_pool3_GlobalAveragePool_output_0",
            "op_by_type": {
                "smul_f32_f32": 7680
            },
            "rom": 0,
            "tensors": {
                "inputs": [
                    "_Relu_2_output_0_output"
                ],
                "outputs": [
                    "_pool3_GlobalAveragePool_output_0_output"
                ],
                "scratchs": [],
                "weights": []
            },
            "weight_sparsity": [
                0.0,
                1,
                0
            ]
        },
        {
            "c_forward": [
                "forward_dense"
            ],
            "c_id": 5,
            "exec_time": {
                "counters": [
                    3040
                ],
                "cycles": 3039,
                "cycles_by_macc": 11.688461538461539,
                "duration_ms": 0.03799999877810478,
                "percentage": 0.006216681406671991
            },
            "is_wrapped": "",
            "layer_type": "Dense",
            "m_id": 17,
            "macc": 260,
            "name": "output",
            "op_by_type": {
                "smul_f32_f32": 260
            },
            "rom": 1040,
            "tensors": {
                "inputs": [
                    "_pool3_GlobalAveragePool_output_0_output"
                ],
                "outputs": [
                    "output_output"
                ],
                "scratchs": [],
                "weights": [
                    "output_weights",
                    "output_bias"
                ]
            },
            "weight_sparsity": [
                0.0,
                260,
                0
            ]
        }
    ],
    "c_name": "network",
    "c_nodes_n": 6,
    "c_weights_count": 1,
    "c_weights_header": 0,
    "compilation_options": {
        "compression": "none",
        "optimization": "balanced",
        "options": [
            "allocate-inputs",
            "allocate-outputs"
        ]
    },
    "data_alignment": 4,
    "date_time": "2025-05-26T15:39:15+0200",
    "exec_time": {
        "cycles": 48900686,
        "cycles_by_macc": 9.936473859380596,
        "device": "stm32 family - 0x415 - STM32L4x6xx @80/80MHz",
        "duration_ms": 611.2585846416653
    },
    "inputs": [
        "input_output"
    ],
    "macc": 4921332,
    "memory_footprint": {
        "activations": 47232,
        "io": [
            0,
            0
        ],
        "series": "generic",
        "weights": 94224
    },
    "memory_pools": [],
    "model_fmt": "float",
    "model_name": "model",
    "model_signature": "0xcb9d1fc000fae7f1bd24506ba886a1a7",
    "outputs": [
        "output_output"
    ],
    "st_ai_version": "2.0.0-20049",
    "tool_version": "2.0.0-20049",
    "type": "onnx",
    "version": "1.2",
    "weights": {
        "weights_array": {
            "buffer_data_size": 94224,
            "buffer_offsets": [
                {
                    "buffer_name": "_conv1_Conv_output_0_weights_array",
                    "offset": 0,
                    "size": 576
                },
                {
                    "buffer_name": "_conv1_Conv_output_0_bias_array",
                    "offset": 576,
                    "size": 64
                },
                {
                    "buffer_name": "_conv2_Conv_output_0_weights_array",
                    "offset": 640,
                    "size": 18432
                },
                {
                    "buffer_name": "_conv2_Conv_output_0_bias_array",
                    "offset": 19072,
                    "size": 128
                },
                {
                    "buffer_name": "_conv3_Conv_output_0_weights_array",
                    "offset": 19200,
                    "size": 73728
                },
                {
                    "buffer_name": "_conv3_Conv_output_0_bias_array",
                    "offset": 92928,
                    "size": 256
                },
                {
                    "buffer_name": "output_weights_array",
                    "offset": 93184,
                    "size": 1024
                },
                {
                    "buffer_name": "output_bias_array",
                    "offset": 94208,
                    "size": 16
                }
            ],
            "pool_size": -1,
            "used_size": 94224
        }
    }
}