{
  "buffers": [
    {
      "alignment": 4,
      "batch": 0,
      "channel_first": false,
      "channel_last": true,
      "epochs": {
        "end": 23,
        "start": 19
      },
      "flags": "STAI_FLAG_PREALLOCATED|STAI_FLAG_ACTIVATIONS",
      "format": "STAI_FORMAT_FLOAT",
      "id": 187,
      "intq": {},
      "is_param": false,
      "mpool_id": 0,
      "name": "_Relu_2_output_0_output_array",
      "nbits": 32,
      "offset_start": 65152,
      "qmn": {},
      "shape": [
        20,
        25,
        64
      ],
      "shape_map": [
        "H",
        "W",
        "CH"
      ],
      "size_bytes": 128000
    },
    {
      "alignment": 4,
      "batch": 0,
      "channel_first": false,
      "channel_last": true,
      "epochs": {
        "end": 28,
        "start": 25
      },
      "flags": "STAI_FLAG_PREALLOCATED|STAI_FLAG_ACTIVATIONS",
      "format": "STAI_FORMAT_FLOAT",
      "id": 191,
      "intq": {},
      "is_param": false,
      "mpool_id": 0,
      "name": "_Relu_3_output_0_output_array",
      "nbits": 32,
      "offset_start": 51584,
      "qmn": {},
      "shape": [
        20,
        25,
        64
      ],
      "shape_map": [
        "H",
        "W",
        "CH"
      ],
      "size_bytes": 128000
    },
    {
      "alignment": 4,
      "batch": 0,
      "channel_first": true,
      "channel_last": true,
      "epochs": {
        "end": 34,
        "start": 31
      },
      "flags": "STAI_FLAG_PREALLOCATED|STAI_FLAG_ACTIVATIONS",
      "format": "STAI_FORMAT_FLOAT",
      "id": 197,
      "intq": {},
      "is_param": false,
      "mpool_id": 0,
      "name": "_Relu_4_output_0_output_array",
      "nbits": 32,
      "offset_start": 0,
      "qmn": {},
      "shape": [
        32
      ],
      "shape_map": [
        "CH"
      ],
      "size_bytes": 128
    },
    {
      "alignment": 4,
      "batch": 0,
      "channel_first": false,
      "channel_last": true,
      "epochs": {
        "end": 12,
        "start": 7
      },
      "flags": "STAI_FLAG_PREALLOCATED|STAI_FLAG_ACTIVATIONS",
      "format": "STAI_FORMAT_FLOAT",
      "id": 181,
      "intq": {},
      "is_param": false,
      "mpool_id": 0,
      "name": "_Relu_output_0_output_array",
      "nbits": 32,
      "offset_start": 6656,
      "qmn": {},
      "shape": [
        40,
        51,
        32
      ],
      "shape_map": [
        "H",
        "W",
        "CH"
      ],
      "size_bytes": 261120
    },
    {
      "alignment": 4,
      "batch": 0,
      "channel_first": true,
      "channel_last": true,
      "epochs": {
        "end": 1,
        "start": 0
      },
      "flags": "STAI_FLAG_WEIGHTS|STAI_FLAG_CONST|STAI_FLAG_PREALLOCATED",
      "format": "STAI_FORMAT_FLOAT",
      "id": 204,
      "intq": {},
      "is_param": true,
      "mpool_id": 1,
      "name": "_conv1_Conv_output_0_bias_array",
      "nbits": 32,
      "offset_start": 1152,
      "qmn": {},
      "shape": [
        32
      ],
      "shape_map": [
        "CH"
      ],
      "size_bytes": 128
    },
    {
      "alignment": 4,
      "batch": 0,
      "channel_first": false,
      "channel_last": true,
      "epochs": {
        "end": 8,
        "start": 4
      },
      "flags": "STAI_FLAG_PREALLOCATED|STAI_FLAG_ACTIVATIONS",
      "format": "STAI_FORMAT_FLOAT",
      "id": 179,
      "intq": {},
      "is_param": false,
      "mpool_id": 0,
      "name": "_conv1_Conv_output_0_output_array",
      "nbits": 32,
      "offset_start": 6656,
      "qmn": {},
      "shape": [
        40,
        51,
        32
      ],
      "shape_map": [
        "H",
        "W",
        "CH"
      ],
      "size_bytes": 261120
    },
    {
      "alignment": 4,
      "batch": 0,
      "channel_first": false,
      "channel_last": true,
      "epochs": {
        "end": 6,
        "start": 3
      },
      "flags": "STAI_FLAG_PREALLOCATED|STAI_FLAG_ACTIVATIONS|STAI_FLAG_SCRATCHS",
      "format": "STAI_FORMAT_FLOAT",
      "id": 241,
      "intq": {},
      "is_param": false,
      "mpool_id": 0,
      "name": "_conv1_Conv_output_0_scratch0_array",
      "nbits": 32,
      "offset_start": 267776,
      "qmn": {},
      "shape": [
        3,
        3,
        1,
        1
      ],
      "shape_map": [
        "H",
        "W",
        "CH",
        "CH_IN"
      ],
      "size_bytes": 36
    },
    {
      "alignment": 4,
      "batch": 0,
      "channel_first": true,
      "channel_last": false,
      "epochs": {
        "end": 1,
        "start": 0
      },
      "flags": "STAI_FLAG_WEIGHTS|STAI_FLAG_CONST|STAI_FLAG_PREALLOCATED",
      "format": "STAI_FORMAT_FLOAT",
      "id": 201,
      "intq": {},
      "is_param": true,
      "mpool_id": 1,
      "name": "_conv1_Conv_output_0_weights_array",
      "nbits": 32,
      "offset_start": 0,
      "qmn": {},
      "shape": [
        32,
        3,
        3,
        1
      ],
      "shape_map": [
        "CH",
        "H",
        "W",
        "CH_IN"
      ],
      "size_bytes": 1152
    },
    {
      "alignment": 4,
      "batch": 0,
      "channel_first": true,
      "channel_last": true,
      "epochs": {
        "end": 1,
        "start": 0
      },
      "flags": "STAI_FLAG_WEIGHTS|STAI_FLAG_CONST|STAI_FLAG_PREALLOCATED",
      "format": "STAI_FORMAT_FLOAT",
      "id": 210,
      "intq": {},
      "is_param": true,
      "mpool_id": 1,
      "name": "_conv2_Conv_output_0_bias_array",
      "nbits": 32,
      "offset_start": 38144,
      "qmn": {},
      "shape": [
        32
      ],
      "shape_map": [
        "CH"
      ],
      "size_bytes": 128
    },
    {
      "alignment": 4,
      "batch": 0,
      "channel_first": false,
      "channel_last": true,
      "epochs": {
        "end": 17,
        "start": 11
      },
      "flags": "STAI_FLAG_PREALLOCATED|STAI_FLAG_ACTIVATIONS",
      "format": "STAI_FORMAT_FLOAT",
      "id": 183,
      "intq": {},
      "is_param": false,
      "mpool_id": 0,
      "name": "_conv2_Conv_output_0_output_array",
      "nbits": 32,
      "offset_start": 0,
      "qmn": {},
      "shape": [
        20,
        25,
        32
      ],
      "shape_map": [
        "H",
        "W",
        "CH"
      ],
      "size_bytes": 64000
    },
    {
      "alignment": 4,
      "batch": 0,
      "channel_first": false,
      "channel_last": true,
      "epochs": {
        "end": 13,
        "start": 9
      },
      "flags": "STAI_FLAG_PREALLOCATED|STAI_FLAG_ACTIVATIONS|STAI_FLAG_SCRATCHS",
      "format": "STAI_FORMAT_FLOAT",
      "id": 252,
      "intq": {},
      "is_param": false,
      "mpool_id": 0,
      "name": "_conv2_Conv_output_0_scratch0_array",
      "nbits": 32,
      "offset_start": 267776,
      "qmn": {},
      "shape": [
        3,
        3,
        32,
        1
      ],
      "shape_map": [
        "H",
        "W",
        "CH",
        "CH_IN"
      ],
      "size_bytes": 1152
    },
    {
      "alignment": 4,
      "batch": 0,
      "channel_first": false,
      "channel_last": true,
      "epochs": {
        "end": 14,
        "start": 10
      },
      "flags": "STAI_FLAG_PREALLOCATED|STAI_FLAG_ACTIVATIONS|STAI_FLAG_SCRATCHS",
      "format": "STAI_FORMAT_FLOAT",
      "id": 256,
      "intq": {},
      "is_param": false,
      "mpool_id": 0,
      "name": "_conv2_Conv_output_0_scratch1_array",
      "nbits": 32,
      "offset_start": 268928,
      "qmn": {},
      "shape": [
        2,
        51,
        32,
        1
      ],
      "shape_map": [
        "H",
        "W",
        "CH",
        "CH_IN"
      ],
      "size_bytes": 13056
    },
    {
      "alignment": 4,
      "batch": 0,
      "channel_first": true,
      "channel_last": false,
      "epochs": {
        "end": 1,
        "start": 0
      },
      "flags": "STAI_FLAG_WEIGHTS|STAI_FLAG_CONST|STAI_FLAG_PREALLOCATED",
      "format": "STAI_FORMAT_FLOAT",
      "id": 207,
      "intq": {},
      "is_param": true,
      "mpool_id": 1,
      "name": "_conv2_Conv_output_0_weights_array",
      "nbits": 32,
      "offset_start": 1280,
      "qmn": {},
      "shape": [
        32,
        3,
        3,
        32
      ],
      "shape_map": [
        "CH",
        "H",
        "W",
        "CH_IN"
      ],
      "size_bytes": 36864
    },
    {
      "alignment": 4,
      "batch": 0,
      "channel_first": true,
      "channel_last": true,
      "epochs": {
        "end": 1,
        "start": 0
      },
      "flags": "STAI_FLAG_WEIGHTS|STAI_FLAG_CONST|STAI_FLAG_PREALLOCATED",
      "format": "STAI_FORMAT_FLOAT",
      "id": 216,
      "intq": {},
      "is_param": true,
      "mpool_id": 1,
      "name": "_conv3_Conv_output_0_bias_array",
      "nbits": 32,
      "offset_start": 112000,
      "qmn": {},
      "shape": [
        64
      ],
      "shape_map": [
        "CH"
      ],
      "size_bytes": 256
    },
    {
      "alignment": 4,
      "batch": 0,
      "channel_first": false,
      "channel_last": true,
      "epochs": {
        "end": 20,
        "start": 16
      },
      "flags": "STAI_FLAG_PREALLOCATED|STAI_FLAG_ACTIVATIONS",
      "format": "STAI_FORMAT_FLOAT",
      "id": 185,
      "intq": {},
      "is_param": false,
      "mpool_id": 0,
      "name": "_conv3_Conv_output_0_output_array",
      "nbits": 32,
      "offset_start": 65152,
      "qmn": {},
      "shape": [
        20,
        25,
        64
      ],
      "shape_map": [
        "H",
        "W",
        "CH"
      ],
      "size_bytes": 128000
    },
    {
      "alignment": 4,
      "batch": 0,
      "channel_first": false,
      "channel_last": true,
      "epochs": {
        "end": 18,
        "start": 15
      },
      "flags": "STAI_FLAG_PREALLOCATED|STAI_FLAG_ACTIVATIONS|STAI_FLAG_SCRATCHS",
      "format": "STAI_FORMAT_FLOAT",
      "id": 263,
      "intq": {},
      "is_param": false,
      "mpool_id": 0,
      "name": "_conv3_Conv_output_0_scratch0_array",
      "nbits": 32,
      "offset_start": 64000,
      "qmn": {},
      "shape": [
        3,
        3,
        32,
        1
      ],
      "shape_map": [
        "H",
        "W",
        "CH",
        "CH_IN"
      ],
      "size_bytes": 1152
    },
    {
      "alignment": 4,
      "batch": 0,
      "channel_first": true,
      "channel_last": false,
      "epochs": {
        "end": 1,
        "start": 0
      },
      "flags": "STAI_FLAG_WEIGHTS|STAI_FLAG_CONST|STAI_FLAG_PREALLOCATED",
      "format": "STAI_FORMAT_FLOAT",
      "id": 213,
      "intq": {},
      "is_param": true,
      "mpool_id": 1,
      "name": "_conv3_Conv_output_0_weights_array",
      "nbits": 32,
      "offset_start": 38272,
      "qmn": {},
      "shape": [
        64,
        3,
        3,
        32
      ],
      "shape_map": [
        "CH",
        "H",
        "W",
        "CH_IN"
      ],
      "size_bytes": 73728
    },
    {
      "alignment": 4,
      "batch": 0,
      "channel_first": true,
      "channel_last": true,
      "epochs": {
        "end": 1,
        "start": 0
      },
      "flags": "STAI_FLAG_WEIGHTS|STAI_FLAG_CONST|STAI_FLAG_PREALLOCATED",
      "format": "STAI_FORMAT_FLOAT",
      "id": 222,
      "intq": {},
      "is_param": true,
      "mpool_id": 1,
      "name": "_conv4_Conv_output_0_bias_array",
      "nbits": 32,
      "offset_start": 259712,
      "qmn": {},
      "shape": [
        64
      ],
      "shape_map": [
        "CH"
      ],
      "size_bytes": 256
    },
    {
      "alignment": 4,
      "batch": 0,
      "channel_first": false,
      "channel_last": true,
      "epochs": {
        "end": 26,
        "start": 22
      },
      "flags": "STAI_FLAG_PREALLOCATED|STAI_FLAG_ACTIVATIONS",
      "format": "STAI_FORMAT_FLOAT",
      "id": 189,
      "intq": {},
      "is_param": false,
      "mpool_id": 0,
      "name": "_conv4_Conv_output_0_output_array",
      "nbits": 32,
      "offset_start": 51584,
      "qmn": {},
      "shape": [
        20,
        25,
        64
      ],
      "shape_map": [
        "H",
        "W",
        "CH"
      ],
      "size_bytes": 128000
    },
    {
      "alignment": 4,
      "batch": 0,
      "channel_first": false,
      "channel_last": true,
      "epochs": {
        "end": 24,
        "start": 21
      },
      "flags": "STAI_FLAG_PREALLOCATED|STAI_FLAG_ACTIVATIONS|STAI_FLAG_SCRATCHS",
      "format": "STAI_FORMAT_FLOAT",
      "id": 270,
      "intq": {},
      "is_param": false,
      "mpool_id": 0,
      "name": "_conv4_Conv_output_0_scratch0_array",
      "nbits": 32,
      "offset_start": 0,
      "qmn": {},
      "shape": [
        3,
        3,
        64,
        1
      ],
      "shape_map": [
        "H",
        "W",
        "CH",
        "CH_IN"
      ],
      "size_bytes": 2304
    },
    {
      "alignment": 4,
      "batch": 0,
      "channel_first": true,
      "channel_last": false,
      "epochs": {
        "end": 1,
        "start": 0
      },
      "flags": "STAI_FLAG_WEIGHTS|STAI_FLAG_CONST|STAI_FLAG_PREALLOCATED",
      "format": "STAI_FORMAT_FLOAT",
      "id": 219,
      "intq": {},
      "is_param": true,
      "mpool_id": 1,
      "name": "_conv4_Conv_output_0_weights_array",
      "nbits": 32,
      "offset_start": 112256,
      "qmn": {},
      "shape": [
        64,
        3,
        3,
        64
      ],
      "shape_map": [
        "CH",
        "H",
        "W",
        "CH_IN"
      ],
      "size_bytes": 147456
    },
    {
      "alignment": 4,
      "batch": 0,
      "channel_first": true,
      "channel_last": true,
      "epochs": {
        "end": 1,
        "start": 0
      },
      "flags": "STAI_FLAG_WEIGHTS|STAI_FLAG_CONST|STAI_FLAG_PREALLOCATED",
      "format": "STAI_FORMAT_FLOAT",
      "id": 228,
      "intq": {},
      "is_param": true,
      "mpool_id": 1,
      "name": "_fc1_Gemm_output_0_bias_array",
      "nbits": 32,
      "offset_start": 268160,
      "qmn": {},
      "shape": [
        32
      ],
      "shape_map": [
        "CH"
      ],
      "size_bytes": 128
    },
    {
      "alignment": 4,
      "batch": 0,
      "channel_first": true,
      "channel_last": true,
      "epochs": {
        "end": 32,
        "start": 29
      },
      "flags": "STAI_FLAG_PREALLOCATED|STAI_FLAG_ACTIVATIONS",
      "format": "STAI_FORMAT_FLOAT",
      "id": 195,
      "intq": {},
      "is_param": false,
      "mpool_id": 0,
      "name": "_fc1_Gemm_output_0_output_array",
      "nbits": 32,
      "offset_start": 256,
      "qmn": {},
      "shape": [
        32
      ],
      "shape_map": [
        "CH"
      ],
      "size_bytes": 128
    },
    {
      "alignment": 4,
      "batch": 0,
      "channel_first": true,
      "channel_last": true,
      "epochs": {
        "end": 1,
        "start": 0
      },
      "flags": "STAI_FLAG_WEIGHTS|STAI_FLAG_CONST|STAI_FLAG_PREALLOCATED",
      "format": "STAI_FORMAT_FLOAT",
      "id": 225,
      "intq": {},
      "is_param": true,
      "mpool_id": 1,
      "name": "_fc1_Gemm_output_0_weights_array",
      "nbits": 32,
      "offset_start": 259968,
      "qmn": {},
      "shape": [
        32,
        64
      ],
      "shape_map": [
        "CH",
        "CH_IN"
      ],
      "size_bytes": 8192
    },
    {
      "alignment": 4,
      "batch": 0,
      "channel_first": false,
      "channel_last": true,
      "epochs": {
        "end": 30,
        "start": 27
      },
      "flags": "STAI_FLAG_PREALLOCATED|STAI_FLAG_ACTIVATIONS",
      "format": "STAI_FORMAT_FLOAT",
      "id": 193,
      "intq": {},
      "is_param": false,
      "mpool_id": 0,
      "name": "_pool2_GlobalAveragePool_output_0_output_array",
      "nbits": 32,
      "offset_start": 0,
      "qmn": {},
      "shape": [
        1,
        1,
        64
      ],
      "shape_map": [
        "H",
        "W",
        "CH"
      ],
      "size_bytes": 256
    },
    {
      "alignment": 4,
      "batch": 0,
      "channel_first": false,
      "channel_last": true,
      "epochs": {
        "end": 5,
        "start": 2
      },
      "flags": "STAI_FLAG_INPUTS|STAI_FLAG_PREALLOCATED|STAI_FLAG_ACTIVATIONS",
      "format": "STAI_FORMAT_FLOAT",
      "id": 177,
      "intq": {},
      "is_param": false,
      "mpool_id": 0,
      "name": "input_output_array",
      "nbits": 32,
      "offset_start": 267812,
      "qmn": {},
      "shape": [
        40,
        51,
        1
      ],
      "shape_map": [
        "H",
        "W",
        "CH"
      ],
      "size_bytes": 8160
    },
    {
      "alignment": 4,
      "batch": 0,
      "channel_first": true,
      "channel_last": true,
      "epochs": {
        "end": 1,
        "start": 0
      },
      "flags": "STAI_FLAG_WEIGHTS|STAI_FLAG_CONST|STAI_FLAG_PREALLOCATED",
      "format": "STAI_FORMAT_FLOAT",
      "id": 234,
      "intq": {},
      "is_param": true,
      "mpool_id": 1,
      "name": "output_bias_array",
      "nbits": 32,
      "offset_start": 269312,
      "qmn": {},
      "shape": [
        8
      ],
      "shape_map": [
        "CH"
      ],
      "size_bytes": 32
    },
    {
      "alignment": 4,
      "batch": 0,
      "channel_first": true,
      "channel_last": true,
      "epochs": {
        "end": 35,
        "start": 33
      },
      "flags": "STAI_FLAG_OUTPUTS|STAI_FLAG_PREALLOCATED|STAI_FLAG_ACTIVATIONS",
      "format": "STAI_FORMAT_FLOAT",
      "id": 199,
      "intq": {},
      "is_param": false,
      "mpool_id": 0,
      "name": "output_output_array",
      "nbits": 32,
      "offset_start": 128,
      "qmn": {},
      "shape": [
        8
      ],
      "shape_map": [
        "CH"
      ],
      "size_bytes": 32
    },
    {
      "alignment": 4,
      "batch": 0,
      "channel_first": true,
      "channel_last": true,
      "epochs": {
        "end": 1,
        "start": 0
      },
      "flags": "STAI_FLAG_WEIGHTS|STAI_FLAG_CONST|STAI_FLAG_PREALLOCATED",
      "format": "STAI_FORMAT_FLOAT",
      "id": 231,
      "intq": {},
      "is_param": true,
      "mpool_id": 1,
      "name": "output_weights_array",
      "nbits": 32,
      "offset_start": 268288,
      "qmn": {},
      "shape": [
        8,
        32
      ],
      "shape_map": [
        "CH",
        "CH_IN"
      ],
      "size_bytes": 1024
    }
  ],
  "environment": {
    "generated_model": {
      "generated_time": "2025-06-11T23:21:02+0200",
      "model_files": [
        {
          "name": "network_data_params.h",
          "signature": "0x696cb096d382646a10c3a49e7fa97b48"
        },
        {
          "name": "network_data_params.c",
          "signature": "0xcb1126b97a1a7adfaf27e30ff7fa1655"
        },
        {
          "name": "network_data.h",
          "signature": "0x11933448601c50831e64e655786092db"
        },
        {
          "name": "network_data.c",
          "signature": "0xdc60ecb0462f1cb2be80b9d4ae12156c"
        },
        {
          "name": "network_config.h",
          "signature": "0xc9dfaeb718ea652cdfc84d3fa16771b3"
        },
        {
          "name": "network.h",
          "signature": "0x608afb1b6d4447049a4ddcaa25b78577"
        },
        {
          "name": "network.c",
          "signature": "0xf2ec048ec9d3b803d82d7d7374d43e20"
        }
      ],
      "name": "network"
    },
    "network_signature": "0x449a8b0d338d02e4",
    "test_name": "",
    "tools": [
      {
        "arguments": "analyze --target stm32l4 --name network -m C:/Users/ronan/Documents/ETH/S2/Machine Learning on Microcontrollers/project/reports/20250611-120913/model.onnx --compression none --verbosity 1 --workspace C:/Users/ronan/AppData/Local/Temp/mxAI_workspace4916095838010012703686954241778034 --output C:/Users/ronan/.stm32cubemx/network_output",
        "environment": [
          "STATS_TYPE=X-CUBE-AI"
        ],
        "input_model": {
          "model_files": [
            {
              "name": "model.onnx",
              "signature": "0x8539dbdfb703acc59c687f3797725665"
            }
          ],
          "n_params": 67336,
          "name": "model",
          "size": 269344,
          "type": "onnx"
        },
        "name": "ST.EdgeAI.Core",
        "version": "2.0.0-20049"
      }
    ]
  },
  "graphs": [
    {
      "edges": [
        {
          "buffer": 179,
          "edge_kind": "EDGE_MEMORY",
          "end": {
            "node_id": 19,
            "port": 0
          },
          "id": 0,
          "name": "n18-p0_n19-p0",
          "start": {
            "node_id": 18,
            "port": 0
          }
        },
        {
          "buffer": 181,
          "edge_kind": "EDGE_MEMORY",
          "end": {
            "node_id": 20,
            "port": 0
          },
          "id": 1,
          "name": "n19-p0_n20-p0",
          "start": {
            "node_id": 19,
            "port": 0
          }
        },
        {
          "buffer": 183,
          "edge_kind": "EDGE_MEMORY",
          "end": {
            "node_id": 21,
            "port": 0
          },
          "id": 2,
          "name": "n20-p0_n21-p0",
          "start": {
            "node_id": 20,
            "port": 0
          }
        },
        {
          "buffer": 185,
          "edge_kind": "EDGE_MEMORY",
          "end": {
            "node_id": 22,
            "port": 0
          },
          "id": 3,
          "name": "n21-p0_n22-p0",
          "start": {
            "node_id": 21,
            "port": 0
          }
        },
        {
          "buffer": 187,
          "edge_kind": "EDGE_MEMORY",
          "end": {
            "node_id": 23,
            "port": 0
          },
          "id": 4,
          "name": "n22-p0_n23-p0",
          "start": {
            "node_id": 22,
            "port": 0
          }
        },
        {
          "buffer": 189,
          "edge_kind": "EDGE_MEMORY",
          "end": {
            "node_id": 24,
            "port": 0
          },
          "id": 5,
          "name": "n23-p0_n24-p0",
          "start": {
            "node_id": 23,
            "port": 0
          }
        },
        {
          "buffer": 191,
          "edge_kind": "EDGE_MEMORY",
          "end": {
            "node_id": 25,
            "port": 0
          },
          "id": 6,
          "name": "n24-p0_n25-p0",
          "start": {
            "node_id": 24,
            "port": 0
          }
        },
        {
          "buffer": 193,
          "edge_kind": "EDGE_MEMORY",
          "end": {
            "node_id": 26,
            "port": 0
          },
          "id": 7,
          "name": "n25-p0_n26-p0",
          "start": {
            "node_id": 25,
            "port": 0
          }
        },
        {
          "buffer": 195,
          "edge_kind": "EDGE_MEMORY",
          "end": {
            "node_id": 27,
            "port": 0
          },
          "id": 8,
          "name": "n26-p0_n27-p0",
          "start": {
            "node_id": 26,
            "port": 0
          }
        },
        {
          "buffer": 197,
          "edge_kind": "EDGE_MEMORY",
          "end": {
            "node_id": 28,
            "port": 0
          },
          "id": 9,
          "name": "n27-p0_n28-p0",
          "start": {
            "node_id": 27,
            "port": 0
          }
        }
      ],
      "id": 0,
      "inputs": [
        177
      ],
      "name": "model",
      "nodes": [
        {
          "attributes": {
            "dilation": "{H: 1, W: 1}",
            "filter_size": "(3, 3)",
            "groups": "1",
            "is_depthwise": "False",
            "num_filters": "32",
            "orig_num_filters": "32",
            "orig_pad": "()",
            "pad": "{H: (1, 1), W: (1, 1)}",
            "pad_strategy": "NOTSET",
            "pad_value": "0",
            "stride": "(1, 1)",
            "use_bias": "True",
            "weights_prefetch": "True"
          },
          "description": "Conv2D",
          "id": 18,
          "inputs": [
            177,
            201,
            204
          ],
          "macc": 587552,
          "mapping": "NODE_SW",
          "name": "_conv1_Conv_output_0",
          "original_nodes": [
            "1"
          ],
          "outputs": [
            179
          ],
          "scratchs": [
            241
          ],
          "subgraph_nodes": [],
          "sw_functions": [
            "forward_conv2d_if32of32wf32"
          ]
        },
        {
          "attributes": {
            "nonlinearity": "relu",
            "with_batch_size": "True"
          },
          "description": "Nonlinearity",
          "id": 19,
          "inputs": [
            179
          ],
          "macc": 65280,
          "mapping": "NODE_SW",
          "name": "_Relu_output_0",
          "original_nodes": [
            "2"
          ],
          "outputs": [
            181
          ],
          "scratchs": [],
          "subgraph_nodes": [],
          "sw_functions": [
            "forward_relu"
          ]
        },
        {
          "attributes": {
            "dilation": "{H: 1, W: 1}",
            "filter_size": "(3, 3)",
            "groups": "1",
            "is_depthwise": "False",
            "nonlinearity": "relu",
            "num_filters": "32",
            "orig_num_filters": "32",
            "orig_pad": "()",
            "pad": "{H: (1, 1), W: (1, 1)}",
            "pad_strategy": "NOTSET",
            "pad_value": "0",
            "pool_function": "max",
            "pool_pad": "{H: (0, 0), W: (0, 0)}",
            "pool_size": "(2, 2)",
            "pool_stride": "(2, 2)",
            "stride": "(1, 1)",
            "use_bias": "True",
            "weights_prefetch": "True"
          },
          "description": "Conv2D",
          "id": 20,
          "inputs": [
            181,
            207,
            210
          ],
          "macc": 18929952,
          "mapping": "NODE_SW",
          "name": "_conv2_Conv_output_0",
          "original_nodes": [
            "5"
          ],
          "outputs": [
            183
          ],
          "scratchs": [
            252,
            256
          ],
          "subgraph_nodes": [],
          "sw_functions": [
            "forward_conv2d_if32of32wf32_nl_pool"
          ]
        },
        {
          "attributes": {
            "dilation": "{H: 1, W: 1}",
            "filter_size": "(3, 3)",
            "groups": "1",
            "is_depthwise": "False",
            "num_filters": "64",
            "orig_num_filters": "64",
            "orig_pad": "()",
            "pad": "{H: (1, 1), W: (1, 1)}",
            "pad_strategy": "NOTSET",
            "pad_value": "0",
            "stride": "(1, 1)",
            "use_bias": "True",
            "weights_prefetch": "True"
          },
          "description": "Conv2D",
          "id": 21,
          "inputs": [
            183,
            213,
            216
          ],
          "macc": 9216064,
          "mapping": "NODE_SW",
          "name": "_conv3_Conv_output_0",
          "original_nodes": [
            "6"
          ],
          "outputs": [
            185
          ],
          "scratchs": [
            263
          ],
          "subgraph_nodes": [],
          "sw_functions": [
            "forward_conv2d_if32of32wf32"
          ]
        },
        {
          "attributes": {
            "nonlinearity": "relu",
            "with_batch_size": "True"
          },
          "description": "Nonlinearity",
          "id": 22,
          "inputs": [
            185
          ],
          "macc": 32000,
          "mapping": "NODE_SW",
          "name": "_Relu_2_output_0",
          "original_nodes": [
            "7"
          ],
          "outputs": [
            187
          ],
          "scratchs": [],
          "subgraph_nodes": [],
          "sw_functions": [
            "forward_relu"
          ]
        },
        {
          "attributes": {
            "dilation": "{H: 1, W: 1}",
            "filter_size": "(3, 3)",
            "groups": "1",
            "is_depthwise": "False",
            "num_filters": "64",
            "orig_num_filters": "64",
            "orig_pad": "()",
            "pad": "{H: (1, 1), W: (1, 1)}",
            "pad_strategy": "NOTSET",
            "pad_value": "0",
            "stride": "(1, 1)",
            "use_bias": "True",
            "weights_prefetch": "True"
          },
          "description": "Conv2D",
          "id": 23,
          "inputs": [
            187,
            219,
            222
          ],
          "macc": 18432064,
          "mapping": "NODE_SW",
          "name": "_conv4_Conv_output_0",
          "original_nodes": [
            "8"
          ],
          "outputs": [
            189
          ],
          "scratchs": [
            270
          ],
          "subgraph_nodes": [],
          "sw_functions": [
            "forward_conv2d_if32of32wf32"
          ]
        },
        {
          "attributes": {
            "nonlinearity": "relu",
            "with_batch_size": "True"
          },
          "description": "Nonlinearity",
          "id": 24,
          "inputs": [
            189
          ],
          "macc": 32000,
          "mapping": "NODE_SW",
          "name": "_Relu_3_output_0",
          "original_nodes": [
            "9"
          ],
          "outputs": [
            191
          ],
          "scratchs": [],
          "subgraph_nodes": [],
          "sw_functions": [
            "forward_relu"
          ]
        },
        {
          "attributes": {
            "ceil_mode": "floor",
            "pool_function": "avg",
            "pool_pad": "{H: (0, 0), W: (0, 0)}",
            "pool_size": "(20, 25)",
            "pool_stride": "(20, 25)"
          },
          "description": "Pool",
          "id": 25,
          "inputs": [
            191
          ],
          "macc": 32000,
          "mapping": "NODE_SW",
          "name": "_pool2_GlobalAveragePool_output_0",
          "original_nodes": [
            "10"
          ],
          "outputs": [
            193
          ],
          "scratchs": [],
          "subgraph_nodes": [],
          "sw_functions": [
            "forward_ap"
          ]
        },
        {
          "attributes": {
            "num_units": "32",
            "use_bias": "True"
          },
          "description": "Dense",
          "id": 26,
          "inputs": [
            193,
            225,
            228
          ],
          "macc": 2080,
          "mapping": "NODE_SW",
          "name": "_fc1_Gemm_output_0",
          "original_nodes": [
            "19"
          ],
          "outputs": [
            195
          ],
          "scratchs": [],
          "subgraph_nodes": [],
          "sw_functions": [
            "forward_dense"
          ]
        },
        {
          "attributes": {
            "nonlinearity": "relu",
            "with_batch_size": "True"
          },
          "description": "Nonlinearity",
          "id": 27,
          "inputs": [
            195
          ],
          "macc": 32,
          "mapping": "NODE_SW",
          "name": "_Relu_4_output_0",
          "original_nodes": [
            "20"
          ],
          "outputs": [
            197
          ],
          "scratchs": [],
          "subgraph_nodes": [],
          "sw_functions": [
            "forward_relu"
          ]
        },
        {
          "attributes": {
            "num_units": "8",
            "use_bias": "True"
          },
          "description": "Dense",
          "id": 28,
          "inputs": [
            197,
            231,
            234
          ],
          "macc": 264,
          "mapping": "NODE_SW",
          "name": "output",
          "original_nodes": [
            "21"
          ],
          "outputs": [
            199
          ],
          "scratchs": [],
          "subgraph_nodes": [],
          "sw_functions": [
            "forward_dense"
          ]
        }
      ],
      "original_inputs": [
        {
          "input": {
            "data_type": "float32",
            "shape": "(BATCH: 1, CH: 1, H: 40, W: 51)"
          }
        }
      ],
      "original_outputs": [
        {
          "output": {
            "data_type": "float32",
            "shape": "(BATCH: 1, CH: 8)"
          }
        }
      ],
      "outputs": [
        199
      ]
    }
  ],
  "json_schema_version": "2.0",
  "memory_footprint": {
    "activations": 281984,
    "io": [
      0,
      0
    ],
    "kernel_flash": 18000,
    "kernel_ram": 4020,
    "series": "stm32l4",
    "toolchain": "arm-none-eabi-gcc (GNU Tools for STM32 13.3.rel1.20240926-1715) 13.3.1 20240614",
    "toolchain_flash": 0,
    "toolchain_ram": 0,
    "weights": 269344
  },
  "memory_pools": [
    {
      "address": "NULL",
      "alignment": 4,
      "attributes": {
        "latency": "HIGH",
        "score": 768,
        "throughput": "LOW"
      },
      "buffers": [
        177,
        179,
        181,
        183,
        185,
        187,
        189,
        191,
        193,
        195,
        197,
        199,
        241,
        252,
        256,
        263,
        270
      ],
      "id": 0,
      "name": "heap_overlay_pool",
      "offset_start": 0,
      "persistent": false,
      "rights": "ACC_WRITE",
      "size_bytes": -1,
      "subpools": [],
      "used_size_bytes": 281984,
      "user_allocated": false,
      "virtual": false
    },
    {
      "address": "s_network_weights_array_u64",
      "alignment": 0,
      "attributes": {
        "latency": "UNDEF",
        "score": 0,
        "throughput": "UNDEF"
      },
      "buffers": [
        201,
        204,
        207,
        210,
        213,
        216,
        219,
        222,
        225,
        228,
        231,
        234
      ],
      "id": 1,
      "name": "weights_array",
      "offset_start": 0,
      "persistent": true,
      "rights": "ACC_READ",
      "size_bytes": -1,
      "subpools": [],
      "used_size_bytes": 269344,
      "user_allocated": false,
      "virtual": false
    }
  ]
}