{
    "activations": {
        "heap_overlay_pool": {
            "activation_alignment": 4,
            "buffer_data_size": 0,
            "buffer_offsets": [
                {
                    "buffer_name": "input_output_array",
                    "offset": 66944,
                    "size": 2040
                },
                {
                    "buffer_name": "_Relu_output_0_output_array",
                    "offset": 1664,
                    "size": 65280
                },
                {
                    "buffer_name": "_Relu_1_output_0_output_array",
                    "offset": 0,
                    "size": 16000
                },
                {
                    "buffer_name": "_Relu_2_output_0_output_array",
                    "offset": 22528,
                    "size": 32000
                },
                {
                    "buffer_name": "_Relu_3_output_0_output_array",
                    "offset": 19200,
                    "size": 32000
                },
                {
                    "buffer_name": "_pool2_GlobalAveragePool_output_0_output_array",
                    "offset": 0,
                    "size": 64
                },
                {
                    "buffer_name": "_Relu_4_output_0_output_array",
                    "offset": 192,
                    "size": 32
                },
                {
                    "buffer_name": "output_QuantizeLinear_Input_output_array",
                    "offset": 64,
                    "size": 8
                },
                {
                    "buffer_name": "_Relu_output_0_scratch0_array",
                    "offset": 68984,
                    "size": 740
                },
                {
                    "buffer_name": "_Relu_1_output_0_scratch0_array",
                    "offset": 66944,
                    "size": 6400
                },
                {
                    "buffer_name": "_Relu_1_output_0_scratch1_array",
                    "offset": 73344,
                    "size": 3264
                },
                {
                    "buffer_name": "_Relu_2_output_0_scratch0_array",
                    "offset": 16000,
                    "size": 6528
                },
                {
                    "buffer_name": "_Relu_3_output_0_scratch0_array",
                    "offset": 0,
                    "size": 7680
                },
                {
                    "buffer_name": "_Relu_4_output_0_scratch0_array",
                    "offset": 64,
                    "size": 128
                },
                {
                    "buffer_name": "output_QuantizeLinear_Input_scratch0_array",
                    "offset": 0,
                    "size": 64
                }
            ],
            "data_alignment": 4,
            "pool_id": 0,
            "pool_size": -1,
            "used_size": 76608
        }
    },
    "activations_alignment": 4,
    "arguments": "generate --target stm32l4 --name network -m C:/Users/ronan/Documents/ETH/S2/Machine Learning on Microcontrollers/project/reports/20250611-120913/model_quantized.onnx --compression none --verbosity 1 --workspace C:/Users/ronan/AppData/Local/Temp/mxAI_workspace4845589217350016887132599001750351 --output C:/Users/ronan/.stm32cubemx/network_output",
    "c_activations_count": 1,
    "c_arrays": [
        {
            "c_bits": 32,
            "c_id": 0,
            "c_mem_pool": "weights",
            "c_size_in_byte": 128,
            "c_type": "const s32",
            "format": "s32",
            "is_const": true,
            "mem_pool": "weights",
            "n_items": 32,
            "name": "_Relu_1_output_0_bias_array",
            "offset": 9632,
            "scale": [],
            "size": 32,
            "tensors": [
                {
                    "name": "_Relu_1_output_0_bias",
                    "shape": [
                        32
                    ]
                }
            ],
            "zeropoint": [],
            "zeros": 0
        },
        {
            "c_bits": 8,
            "c_id": 1,
            "c_mem_pool": "**default**",
            "c_size_in_byte": 16000,
            "c_type": "s8",
            "format": "s8",
            "is_const": false,
            "mem_pool": "activations",
            "n_items": 16000,
            "name": "_Relu_1_output_0_output_array",
            "offset": 0,
            "scale": [
                0.0864473432302475
            ],
            "size": 16000,
            "tensors": [
                {
                    "name": "_Relu_1_output_0_output",
                    "shape": [
                        20,
                        25,
                        32
                    ]
                }
            ],
            "zeropoint": [
                -128
            ]
        },
        {
            "c_bits": 8,
            "c_id": 2,
            "c_mem_pool": "**default**",
            "c_size_in_byte": 6400,
            "c_type": "s8",
            "format": "s8",
            "is_const": false,
            "mem_pool": "activations",
            "n_items": 6400,
            "name": "_Relu_1_output_0_scratch0_array",
            "offset": 66944,
            "scale": [],
            "size": 6400,
            "tensors": [
                {
                    "name": "_Relu_1_output_0_scratch0",
                    "shape": [
                        1,
                        1,
                        6400,
                        1
                    ]
                }
            ],
            "zeropoint": []
        },
        {
            "c_bits": 8,
            "c_id": 3,
            "c_mem_pool": "**default**",
            "c_size_in_byte": 3264,
            "c_type": "s8",
            "format": "s8",
            "is_const": false,
            "mem_pool": "activations",
            "n_items": 3264,
            "name": "_Relu_1_output_0_scratch1_array",
            "offset": 73344,
            "scale": [
                0.0864473432302475
            ],
            "size": 3264,
            "tensors": [
                {
                    "name": "_Relu_1_output_0_scratch1",
                    "shape": [
                        2,
                        51,
                        32,
                        1
                    ]
                }
            ],
            "zeropoint": [
                -128
            ]
        },
        {
            "c_bits": 8,
            "c_id": 4,
            "c_mem_pool": "weights",
            "c_size_in_byte": 9216,
            "c_type": "const s8",
            "format": "s8",
            "is_const": true,
            "mem_pool": "weights",
            "n_items": 9216,
            "name": "_Relu_1_output_0_weights_array",
            "offset": 416,
            "scale": [
                0.003327717073261738
            ],
            "size": 9216,
            "tensors": [
                {
                    "name": "_Relu_1_output_0_weights",
                    "shape": [
                        32,
                        3,
                        3,
                        32
                    ]
                }
            ],
            "zeropoint": [
                0
            ],
            "zeros": 0
        },
        {
            "c_bits": 32,
            "c_id": 5,
            "c_mem_pool": "weights",
            "c_size_in_byte": 256,
            "c_type": "const s32",
            "format": "s32",
            "is_const": true,
            "mem_pool": "weights",
            "n_items": 64,
            "name": "_Relu_2_output_0_bias_array",
            "offset": 28192,
            "scale": [],
            "size": 64,
            "tensors": [
                {
                    "name": "_Relu_2_output_0_bias",
                    "shape": [
                        64
                    ]
                }
            ],
            "zeropoint": [],
            "zeros": 0
        },
        {
            "c_bits": 8,
            "c_id": 6,
            "c_mem_pool": "**default**",
            "c_size_in_byte": 32000,
            "c_type": "s8",
            "format": "s8",
            "is_const": false,
            "mem_pool": "activations",
            "n_items": 32000,
            "name": "_Relu_2_output_0_output_array",
            "offset": 22528,
            "scale": [
                0.050872281193733215
            ],
            "size": 32000,
            "tensors": [
                {
                    "name": "_Relu_2_output_0_output",
                    "shape": [
                        20,
                        25,
                        64
                    ]
                }
            ],
            "zeropoint": [
                -128
            ]
        },
        {
            "c_bits": 8,
            "c_id": 7,
            "c_mem_pool": "**default**",
            "c_size_in_byte": 6528,
            "c_type": "s8",
            "format": "s8",
            "is_const": false,
            "mem_pool": "activations",
            "n_items": 6528,
            "name": "_Relu_2_output_0_scratch0_array",
            "offset": 16000,
            "scale": [],
            "size": 6528,
            "tensors": [
                {
                    "name": "_Relu_2_output_0_scratch0",
                    "shape": [
                        1,
                        1,
                        6528,
                        1
                    ]
                }
            ],
            "zeropoint": []
        },
        {
            "c_bits": 8,
            "c_id": 8,
            "c_mem_pool": "weights",
            "c_size_in_byte": 18432,
            "c_type": "const s8",
            "format": "s8",
            "is_const": true,
            "mem_pool": "weights",
            "n_items": 18432,
            "name": "_Relu_2_output_0_weights_array",
            "offset": 9760,
            "scale": [
                0.0045816972851753235
            ],
            "size": 18432,
            "tensors": [
                {
                    "name": "_Relu_2_output_0_weights",
                    "shape": [
                        64,
                        3,
                        3,
                        32
                    ]
                }
            ],
            "zeropoint": [
                0
            ],
            "zeros": 0
        },
        {
            "c_bits": 32,
            "c_id": 9,
            "c_mem_pool": "weights",
            "c_size_in_byte": 256,
            "c_type": "const s32",
            "format": "s32",
            "is_const": true,
            "mem_pool": "weights",
            "n_items": 64,
            "name": "_Relu_3_output_0_bias_array",
            "offset": 65312,
            "scale": [],
            "size": 64,
            "tensors": [
                {
                    "name": "_Relu_3_output_0_bias",
                    "shape": [
                        64
                    ]
                }
            ],
            "zeropoint": [],
            "zeros": 0
        },
        {
            "c_bits": 8,
            "c_id": 10,
            "c_mem_pool": "**default**",
            "c_size_in_byte": 32000,
            "c_type": "s8",
            "format": "s8",
            "is_const": false,
            "mem_pool": "activations",
            "n_items": 32000,
            "name": "_Relu_3_output_0_output_array",
            "offset": 19200,
            "scale": [
                0.0985930934548378
            ],
            "size": 32000,
            "tensors": [
                {
                    "name": "_Relu_3_output_0_output",
                    "shape": [
                        20,
                        25,
                        64
                    ]
                }
            ],
            "zeropoint": [
                -128
            ]
        },
        {
            "c_bits": 8,
            "c_id": 11,
            "c_mem_pool": "**default**",
            "c_size_in_byte": 7680,
            "c_type": "s8",
            "format": "s8",
            "is_const": false,
            "mem_pool": "activations",
            "n_items": 7680,
            "name": "_Relu_3_output_0_scratch0_array",
            "offset": 0,
            "scale": [],
            "size": 7680,
            "tensors": [
                {
                    "name": "_Relu_3_output_0_scratch0",
                    "shape": [
                        1,
                        1,
                        7680,
                        1
                    ]
                }
            ],
            "zeropoint": []
        },
        {
            "c_bits": 8,
            "c_id": 12,
            "c_mem_pool": "weights",
            "c_size_in_byte": 36864,
            "c_type": "const s8",
            "format": "s8",
            "is_const": true,
            "mem_pool": "weights",
            "n_items": 36864,
            "name": "_Relu_3_output_0_weights_array",
            "offset": 28448,
            "scale": [
                0.0065794107504189014
            ],
            "size": 36864,
            "tensors": [
                {
                    "name": "_Relu_3_output_0_weights",
                    "shape": [
                        64,
                        3,
                        3,
                        64
                    ]
                }
            ],
            "zeropoint": [
                0
            ],
            "zeros": 0
        },
        {
            "c_bits": 32,
            "c_id": 13,
            "c_mem_pool": "weights",
            "c_size_in_byte": 128,
            "c_type": "const s32",
            "format": "s32",
            "is_const": true,
            "mem_pool": "weights",
            "n_items": 32,
            "name": "_Relu_4_output_0_bias_array",
            "offset": 67616,
            "scale": [],
            "size": 32,
            "tensors": [
                {
                    "name": "_Relu_4_output_0_bias",
                    "shape": [
                        32
                    ]
                }
            ],
            "zeropoint": [],
            "zeros": 0
        },
        {
            "c_bits": 8,
            "c_id": 14,
            "c_mem_pool": "**default**",
            "c_size_in_byte": 32,
            "c_type": "s8",
            "format": "s8",
            "is_const": false,
            "mem_pool": "activations",
            "n_items": 32,
            "name": "_Relu_4_output_0_output_array",
            "offset": 192,
            "scale": [
                0.03266971558332443
            ],
            "size": 32,
            "tensors": [
                {
                    "name": "_Relu_4_output_0_output",
                    "shape": [
                        32
                    ]
                }
            ],
            "zeropoint": [
                -128
            ]
        },
        {
            "c_bits": 16,
            "c_id": 15,
            "c_mem_pool": "**default**",
            "c_size_in_byte": 128,
            "c_type": "s16",
            "format": "s16",
            "is_const": false,
            "mem_pool": "activations",
            "n_items": 64,
            "name": "_Relu_4_output_0_scratch0_array",
            "offset": 64,
            "scale": [],
            "size": 64,
            "tensors": [
                {
                    "name": "_Relu_4_output_0_scratch0",
                    "shape": [
                        1,
                        1,
                        64,
                        1
                    ]
                }
            ],
            "zeropoint": []
        },
        {
            "c_bits": 8,
            "c_id": 16,
            "c_mem_pool": "weights",
            "c_size_in_byte": 2048,
            "c_type": "const s8",
            "format": "s8",
            "is_const": true,
            "mem_pool": "weights",
            "n_items": 2048,
            "name": "_Relu_4_output_0_weights_array",
            "offset": 65568,
            "scale": [
                0.004117642529308796
            ],
            "size": 2048,
            "tensors": [
                {
                    "name": "_Relu_4_output_0_weights",
                    "shape": [
                        32,
                        64
                    ]
                }
            ],
            "zeropoint": [
                0
            ],
            "zeros": 0
        },
        {
            "c_bits": 32,
            "c_id": 17,
            "c_mem_pool": "weights",
            "c_size_in_byte": 128,
            "c_type": "const s32",
            "format": "s32",
            "is_const": true,
            "mem_pool": "weights",
            "n_items": 32,
            "name": "_Relu_output_0_bias_array",
            "offset": 288,
            "scale": [],
            "size": 32,
            "tensors": [
                {
                    "name": "_Relu_output_0_bias",
                    "shape": [
                        32
                    ]
                }
            ],
            "zeropoint": [],
            "zeros": 0
        },
        {
            "c_bits": 8,
            "c_id": 18,
            "c_mem_pool": "**default**",
            "c_size_in_byte": 65280,
            "c_type": "s8",
            "format": "s8",
            "is_const": false,
            "mem_pool": "activations",
            "n_items": 65280,
            "name": "_Relu_output_0_output_array",
            "offset": 1664,
            "scale": [
                0.13726504147052765
            ],
            "size": 65280,
            "tensors": [
                {
                    "name": "_Relu_output_0_output",
                    "shape": [
                        40,
                        51,
                        32
                    ]
                }
            ],
            "zeropoint": [
                -128
            ]
        },
        {
            "c_bits": 8,
            "c_id": 19,
            "c_mem_pool": "**default**",
            "c_size_in_byte": 740,
            "c_type": "s8",
            "format": "s8",
            "is_const": false,
            "mem_pool": "activations",
            "n_items": 740,
            "name": "_Relu_output_0_scratch0_array",
            "offset": 68984,
            "scale": [],
            "size": 740,
            "tensors": [
                {
                    "name": "_Relu_output_0_scratch0",
                    "shape": [
                        1,
                        1,
                        740,
                        1
                    ]
                }
            ],
            "zeropoint": []
        },
        {
            "c_bits": 8,
            "c_id": 20,
            "c_mem_pool": "weights",
            "c_size_in_byte": 288,
            "c_type": "const s8",
            "format": "s8",
            "is_const": true,
            "mem_pool": "weights",
            "n_items": 288,
            "name": "_Relu_output_0_weights_array",
            "offset": 0,
            "scale": [
                0.000725507503375411
            ],
            "size": 288,
            "tensors": [
                {
                    "name": "_Relu_output_0_weights",
                    "shape": [
                        32,
                        3,
                        3,
                        1
                    ]
                }
            ],
            "zeropoint": [
                0
            ],
            "zeros": 0
        },
        {
            "c_bits": 8,
            "c_id": 21,
            "c_mem_pool": "**default**",
            "c_size_in_byte": 64,
            "c_type": "s8",
            "format": "s8",
            "is_const": false,
            "mem_pool": "activations",
            "n_items": 64,
            "name": "_pool2_GlobalAveragePool_output_0_output_array",
            "offset": 0,
            "scale": [
                0.005875198170542717
            ],
            "size": 64,
            "tensors": [
                {
                    "name": "_pool2_GlobalAveragePool_output_0_output",
                    "shape": [
                        1,
                        1,
                        64
                    ]
                }
            ],
            "zeropoint": [
                -128
            ]
        },
        {
            "c_bits": 8,
            "c_id": 22,
            "c_mem_pool": "**default**",
            "c_size_in_byte": 2040,
            "c_type": "s8",
            "format": "s8",
            "io_type": "input",
            "is_const": false,
            "mem_pool": "activations",
            "n_items": 2040,
            "name": "input_output_array",
            "offset": 66944,
            "scale": [
                3.131335973739624
            ],
            "size": 2040,
            "tensors": [
                {
                    "name": "input_output",
                    "shape": [
                        40,
                        51,
                        1
                    ]
                }
            ],
            "zeropoint": [
                63
            ]
        },
        {
            "c_bits": 32,
            "c_id": 23,
            "c_mem_pool": "weights",
            "c_size_in_byte": 32,
            "c_type": "const s32",
            "format": "s32",
            "is_const": true,
            "mem_pool": "weights",
            "n_items": 8,
            "name": "output_QuantizeLinear_Input_bias_array",
            "offset": 68000,
            "scale": [],
            "size": 8,
            "tensors": [
                {
                    "name": "output_QuantizeLinear_Input_bias",
                    "shape": [
                        8
                    ]
                }
            ],
            "zeropoint": [],
            "zeros": 0
        },
        {
            "c_bits": 8,
            "c_id": 24,
            "c_mem_pool": "**default**",
            "c_size_in_byte": 8,
            "c_type": "s8",
            "format": "s8",
            "io_type": "output",
            "is_const": false,
            "mem_pool": "activations",
            "n_items": 8,
            "name": "output_QuantizeLinear_Input_output_array",
            "offset": 64,
            "scale": [
                0.1532265990972519
            ],
            "size": 8,
            "tensors": [
                {
                    "name": "output_QuantizeLinear_Input_output",
                    "shape": [
                        8
                    ]
                }
            ],
            "zeropoint": [
                -19
            ]
        },
        {
            "c_bits": 16,
            "c_id": 25,
            "c_mem_pool": "**default**",
            "c_size_in_byte": 64,
            "c_type": "s16",
            "format": "s16",
            "is_const": false,
            "mem_pool": "activations",
            "n_items": 32,
            "name": "output_QuantizeLinear_Input_scratch0_array",
            "offset": 0,
            "scale": [],
            "size": 32,
            "tensors": [
                {
                    "name": "output_QuantizeLinear_Input_scratch0",
                    "shape": [
                        1,
                        1,
                        32,
                        1
                    ]
                }
            ],
            "zeropoint": []
        },
        {
            "c_bits": 8,
            "c_id": 26,
            "c_mem_pool": "weights",
            "c_size_in_byte": 256,
            "c_type": "const s8",
            "format": "s8",
            "is_const": true,
            "mem_pool": "weights",
            "n_items": 256,
            "name": "output_QuantizeLinear_Input_weights_array",
            "offset": 67744,
            "scale": [
                0.008376630954444408
            ],
            "size": 256,
            "tensors": [
                {
                    "name": "output_QuantizeLinear_Input_weights",
                    "shape": [
                        8,
                        32
                    ]
                }
            ],
            "zeropoint": [
                0
            ],
            "zeros": 0
        }
    ],
    "c_arrays_n": 27,
    "c_layers": [
        {
            "c_forward": [
                "forward_conv2d_integer_SSSA"
            ],
            "c_id": 0,
            "is_wrapped": "",
            "layer_type": "Conv2D",
            "m_id": 18,
            "macc": 587552,
            "name": "_Relu_output_0",
            "op_by_type": {
                "smul_s8_s8": 587552
            },
            "rom": 416,
            "tensors": {
                "inputs": [
                    "input_output"
                ],
                "outputs": [
                    "_Relu_output_0_output"
                ],
                "scratchs": [
                    "_Relu_output_0_scratch0"
                ],
                "weights": [
                    "_Relu_output_0_weights",
                    "_Relu_output_0_bias"
                ]
            },
            "weight_sparsity": [
                0.0,
                320,
                0
            ]
        },
        {
            "c_forward": [
                "forward_conv2d_nl_pool_integer_SSSA"
            ],
            "c_id": 1,
            "is_wrapped": "",
            "layer_type": "Conv2D",
            "m_id": 24,
            "macc": 18864672,
            "name": "_Relu_1_output_0",
            "op_by_type": {
                "smul_s8_s8": 18864672
            },
            "rom": 9344,
            "tensors": {
                "inputs": [
                    "_Relu_output_0_output"
                ],
                "outputs": [
                    "_Relu_1_output_0_output"
                ],
                "scratchs": [
                    "_Relu_1_output_0_scratch0",
                    "_Relu_1_output_0_scratch1"
                ],
                "weights": [
                    "_Relu_1_output_0_weights",
                    "_Relu_1_output_0_bias"
                ]
            },
            "weight_sparsity": [
                0.0,
                9248,
                0
            ]
        },
        {
            "c_forward": [
                "forward_conv2d_integer_SSSA"
            ],
            "c_id": 2,
            "is_wrapped": "",
            "layer_type": "Conv2D",
            "m_id": 27,
            "macc": 9216064,
            "name": "_Relu_2_output_0",
            "op_by_type": {
                "smul_s8_s8": 9216064
            },
            "rom": 18688,
            "tensors": {
                "inputs": [
                    "_Relu_1_output_0_output"
                ],
                "outputs": [
                    "_Relu_2_output_0_output"
                ],
                "scratchs": [
                    "_Relu_2_output_0_scratch0"
                ],
                "weights": [
                    "_Relu_2_output_0_weights",
                    "_Relu_2_output_0_bias"
                ]
            },
            "weight_sparsity": [
                0.0,
                18496,
                0
            ]
        },
        {
            "c_forward": [
                "forward_conv2d_integer_SSSA"
            ],
            "c_id": 3,
            "is_wrapped": "",
            "layer_type": "Conv2D",
            "m_id": 30,
            "macc": 18432064,
            "name": "_Relu_3_output_0",
            "op_by_type": {
                "smul_s8_s8": 18432064
            },
            "rom": 37120,
            "tensors": {
                "inputs": [
                    "_Relu_2_output_0_output"
                ],
                "outputs": [
                    "_Relu_3_output_0_output"
                ],
                "scratchs": [
                    "_Relu_3_output_0_scratch0"
                ],
                "weights": [
                    "_Relu_3_output_0_weights",
                    "_Relu_3_output_0_bias"
                ]
            },
            "weight_sparsity": [
                0.0,
                36928,
                0
            ]
        },
        {
            "c_forward": [
                "forward_ap_integer_INT8"
            ],
            "c_id": 4,
            "is_wrapped": "",
            "layer_type": "Pool",
            "m_id": 33,
            "macc": 32000,
            "name": "_pool2_GlobalAveragePool_output_0",
            "op_by_type": {
                "smul_s8_s8": 32000
            },
            "rom": 0,
            "tensors": {
                "inputs": [
                    "_Relu_3_output_0_output"
                ],
                "outputs": [
                    "_pool2_GlobalAveragePool_output_0_output"
                ],
                "scratchs": [],
                "weights": []
            },
            "weight_sparsity": [
                0.0,
                1,
                0
            ]
        },
        {
            "c_forward": [
                "forward_dense_integer_SSSA"
            ],
            "c_id": 5,
            "is_wrapped": "",
            "layer_type": "Dense",
            "m_id": 43,
            "macc": 2080,
            "name": "_Relu_4_output_0",
            "op_by_type": {
                "smul_s8_s8": 2080
            },
            "rom": 2176,
            "tensors": {
                "inputs": [
                    "_pool2_GlobalAveragePool_output_0_output"
                ],
                "outputs": [
                    "_Relu_4_output_0_output"
                ],
                "scratchs": [
                    "_Relu_4_output_0_scratch0"
                ],
                "weights": [
                    "_Relu_4_output_0_weights",
                    "_Relu_4_output_0_bias"
                ]
            },
            "weight_sparsity": [
                0.0,
                2080,
                0
            ]
        },
        {
            "c_forward": [
                "forward_dense_integer_SSSA"
            ],
            "c_id": 6,
            "is_wrapped": "",
            "layer_type": "Dense",
            "m_id": 46,
            "macc": 264,
            "name": "output_QuantizeLinear_Input",
            "op_by_type": {
                "smul_s8_s8": 264
            },
            "rom": 288,
            "tensors": {
                "inputs": [
                    "_Relu_4_output_0_output"
                ],
                "outputs": [
                    "output_QuantizeLinear_Input_output"
                ],
                "scratchs": [
                    "output_QuantizeLinear_Input_scratch0"
                ],
                "weights": [
                    "output_QuantizeLinear_Input_weights",
                    "output_QuantizeLinear_Input_bias"
                ]
            },
            "weight_sparsity": [
                0.0,
                264,
                0
            ]
        }
    ],
    "c_name": "network",
    "c_nodes_n": 7,
    "c_weights_count": 1,
    "c_weights_header": 0,
    "compilation_options": {
        "compression": "none",
        "optimization": "balanced",
        "options": [
            "allocate-inputs",
            "allocate-outputs"
        ]
    },
    "data_alignment": 4,
    "date_time": "2025-06-11T23:09:15+0200",
    "inputs": [
        "input_output"
    ],
    "macc": 47134696,
    "memory_footprint": {
        "activations": 76608,
        "io": [
            0,
            0
        ],
        "kernel_flash": 35979,
        "kernel_ram": 3472,
        "series": "stm32l4",
        "target": "stm32l4",
        "toolchain": "arm-none-eabi-gcc (GNU Tools for STM32 13.3.rel1.20240926-1715) 13.3.1 20240614",
        "toolchain_flash": 1652,
        "toolchain_ram": 0,
        "weights": 68032
    },
    "memory_pools": [],
    "model_fmt": "ss/sa per tensor",
    "model_name": "model_quantized",
    "model_signature": "0x7cc66f0e9d6eeef5e602b2ad31d45af0",
    "outputs": [
        "output_QuantizeLinear_Input_output"
    ],
    "st_ai_version": "2.0.0-20049",
    "tool_version": "2.0.0-20049",
    "type": "onnx",
    "version": "1.2",
    "weights": {
        "weights_array": {
            "buffer_data_size": 68032,
            "buffer_offsets": [
                {
                    "buffer_name": "_Relu_output_0_weights_array",
                    "offset": 0,
                    "size": 288
                },
                {
                    "buffer_name": "_Relu_output_0_bias_array",
                    "offset": 288,
                    "size": 128
                },
                {
                    "buffer_name": "_Relu_1_output_0_weights_array",
                    "offset": 416,
                    "size": 9216
                },
                {
                    "buffer_name": "_Relu_1_output_0_bias_array",
                    "offset": 9632,
                    "size": 128
                },
                {
                    "buffer_name": "_Relu_2_output_0_weights_array",
                    "offset": 9760,
                    "size": 18432
                },
                {
                    "buffer_name": "_Relu_2_output_0_bias_array",
                    "offset": 28192,
                    "size": 256
                },
                {
                    "buffer_name": "_Relu_3_output_0_weights_array",
                    "offset": 28448,
                    "size": 36864
                },
                {
                    "buffer_name": "_Relu_3_output_0_bias_array",
                    "offset": 65312,
                    "size": 256
                },
                {
                    "buffer_name": "_Relu_4_output_0_weights_array",
                    "offset": 65568,
                    "size": 2048
                },
                {
                    "buffer_name": "_Relu_4_output_0_bias_array",
                    "offset": 67616,
                    "size": 128
                },
                {
                    "buffer_name": "output_QuantizeLinear_Input_weights_array",
                    "offset": 67744,
                    "size": 256
                },
                {
                    "buffer_name": "output_QuantizeLinear_Input_bias_array",
                    "offset": 68000,
                    "size": 32
                }
            ],
            "pool_size": -1,
            "used_size": 68032
        }
    }
}