{
    "_allocate_inputs": 4,
    "_allocate_outputs": 4,
    "cli_parameters": "generate --target stm32l4 --name network -m C:/Users/ronan/Documents/ETH/S2/Machine Learning on Microcontrollers/project/reports/20250611-120913/model_quantized.onnx --compression none --verbosity 1 --workspace C:/Users/ronan/AppData/Local/Temp/mxAI_workspace4845589217350016887132599001750351 --output C:/Users/ronan/.stm32cubemx/network_output",
    "cli_version": {
        "extra": "20049",
        "major": 2,
        "micro": 0,
        "minor": 0
    },
    "cli_version_str": "2.0.0-20049",
    "code_size": 0,
    "compression": [],
    "date_time": "2025-06-11T23:09:15+0200",
    "error": 0,
    "error_str": [],
    "exec_cmd": "generate",
    "exec_duration": 0.0,
    "hash": "0x7cc66f0e9d6eeef5e602b2ad31d45af0",
    "inputs": [
        "input"
    ],
    "layers": [
        {
            "c_id": [],
            "extras": {
                "n_macc": 0,
                "n_params": 0,
                "psize": 0,
                "rom_output": {
                    "c_size": 2040,
                    "fmt": {
                        "format": "s8"
                    },
                    "shape": [
                        51,
                        1,
                        40
                    ]
                },
                "rom_size": 0
            },
            "id": 0,
            "inputs": [],
            "name": "input",
            "original": "",
            "type": "Input"
        },
        {
            "c_id": [],
            "extras": {
                "n_macc": 0,
                "n_params": 32,
                "psize": 128,
                "rom_size": 0
            },
            "id": 4,
            "inputs": [],
            "name": "fc1_bias_const",
            "original": "DequantizeLinear",
            "type": "Placeholder"
        },
        {
            "c_id": [],
            "extras": {
                "n_macc": 0,
                "n_params": 2048,
                "psize": 8192,
                "rom_size": 0
            },
            "id": 5,
            "inputs": [],
            "name": "fc1_weight_DequantizeLinear_Output_const",
            "original": "DequantizeLinear",
            "type": "Placeholder"
        },
        {
            "c_id": [],
            "extras": {
                "n_macc": 0,
                "n_params": 8,
                "psize": 32,
                "rom_size": 0
            },
            "id": 6,
            "inputs": [],
            "name": "fc2_bias_const",
            "original": "DequantizeLinear",
            "type": "Placeholder"
        },
        {
            "c_id": [],
            "extras": {
                "n_macc": 0,
                "n_params": 256,
                "psize": 1024,
                "rom_size": 0
            },
            "id": 7,
            "inputs": [],
            "name": "fc2_weight_DequantizeLinear_Output_const",
            "original": "DequantizeLinear",
            "type": "Placeholder"
        },
        {
            "c_id": [],
            "extras": {
                "n_macc": 4080,
                "n_params": 0,
                "psize": 0,
                "rom_size": 0
            },
            "id": 8,
            "inputs": [
                "input"
            ],
            "name": "input_QuantizeLinear_Output",
            "original": "QuantizeLinear",
            "type": "Conversion"
        },
        {
            "c_id": [],
            "extras": {
                "n_macc": 4080,
                "n_params": 0,
                "psize": 0,
                "rom_size": 0
            },
            "id": 17,
            "inputs": [
                "input_QuantizeLinear_Output"
            ],
            "name": "input_DequantizeLinear_Output",
            "original": "DequantizeLinear",
            "type": "Conversion"
        },
        {
            "c_id": [
                0
            ],
            "extras": {
                "n_macc": 587552,
                "n_params": 320,
                "psize": 1280,
                "rom_output": {
                    "c_size": 65280,
                    "fmt": {
                        "format": "s8"
                    },
                    "shape": [
                        51,
                        32,
                        40
                    ]
                },
                "rom_size": 416
            },
            "id": 18,
            "inputs": [
                "input_DequantizeLinear_Output"
            ],
            "name": "_Relu_output_0",
            "original": "Conv",
            "type": "Conv2D"
        },
        {
            "c_id": [],
            "extras": {
                "n_macc": 130560,
                "n_params": 0,
                "psize": 0,
                "rom_size": 0
            },
            "id": 19,
            "inputs": [
                "_Relu_output_0"
            ],
            "name": "_Relu_output_0_QuantizeLinear_Output",
            "original": "QuantizeLinear",
            "type": "Conversion"
        },
        {
            "c_id": [],
            "extras": {
                "n_macc": 130560,
                "n_params": 0,
                "psize": 0,
                "rom_size": 0
            },
            "id": 20,
            "inputs": [
                "_Relu_output_0_QuantizeLinear_Output"
            ],
            "name": "_Relu_output_0_DequantizeLinear_Output",
            "original": "DequantizeLinear",
            "type": "Conversion"
        },
        {
            "c_id": [],
            "extras": {
                "n_macc": 18800672,
                "n_params": 9248,
                "psize": 36992,
                "rom_output": {
                    "c_size": 16000,
                    "fmt": {
                        "format": "s8"
                    },
                    "shape": [
                        25,
                        32,
                        20
                    ]
                },
                "rom_size": 0
            },
            "id": 21,
            "inputs": [
                "_Relu_output_0_DequantizeLinear_Output"
            ],
            "name": "_Relu_1_output_0",
            "original": "Conv",
            "type": "Conv2D"
        },
        {
            "c_id": [],
            "extras": {
                "n_macc": 130560,
                "n_params": 0,
                "psize": 0,
                "rom_size": 0
            },
            "id": 22,
            "inputs": [
                "_Relu_1_output_0"
            ],
            "name": "_Relu_1_output_0_QuantizeLinear_Output",
            "original": "QuantizeLinear",
            "type": "Conversion"
        },
        {
            "c_id": [],
            "extras": {
                "n_macc": 130560,
                "n_params": 0,
                "psize": 0,
                "rom_size": 0
            },
            "id": 23,
            "inputs": [
                "_Relu_1_output_0_QuantizeLinear_Output"
            ],
            "name": "_Relu_1_output_0_DequantizeLinear_Output",
            "original": "DequantizeLinear",
            "type": "Conversion"
        },
        {
            "c_id": [
                1
            ],
            "extras": {
                "n_macc": 64000,
                "n_params": 0,
                "psize": 0,
                "rom_size": 9344
            },
            "id": 24,
            "inputs": [
                "_Relu_1_output_0_DequantizeLinear_Output"
            ],
            "name": "_pool1_MaxPool_output_0",
            "original": "MaxPool",
            "type": "Pool"
        },
        {
            "c_id": [],
            "extras": {
                "n_macc": 32000,
                "n_params": 0,
                "psize": 0,
                "rom_size": 0
            },
            "id": 25,
            "inputs": [
                "_pool1_MaxPool_output_0"
            ],
            "name": "_pool1_MaxPool_output_0_QuantizeLinear_Output",
            "original": "QuantizeLinear",
            "type": "Conversion"
        },
        {
            "c_id": [],
            "extras": {
                "n_macc": 32000,
                "n_params": 0,
                "psize": 0,
                "rom_size": 0
            },
            "id": 26,
            "inputs": [
                "_pool1_MaxPool_output_0_QuantizeLinear_Output"
            ],
            "name": "_pool1_MaxPool_output_0_DequantizeLinear_Output",
            "original": "DequantizeLinear",
            "type": "Conversion"
        },
        {
            "c_id": [
                2
            ],
            "extras": {
                "n_macc": 9216064,
                "n_params": 18496,
                "psize": 73984,
                "rom_output": {
                    "c_size": 32000,
                    "fmt": {
                        "format": "s8"
                    },
                    "shape": [
                        25,
                        64,
                        20
                    ]
                },
                "rom_size": 18688
            },
            "id": 27,
            "inputs": [
                "_pool1_MaxPool_output_0_DequantizeLinear_Output"
            ],
            "name": "_Relu_2_output_0",
            "original": "Conv",
            "type": "Conv2D"
        },
        {
            "c_id": [],
            "extras": {
                "n_macc": 64000,
                "n_params": 0,
                "psize": 0,
                "rom_size": 0
            },
            "id": 28,
            "inputs": [
                "_Relu_2_output_0"
            ],
            "name": "_Relu_2_output_0_QuantizeLinear_Output",
            "original": "QuantizeLinear",
            "type": "Conversion"
        },
        {
            "c_id": [],
            "extras": {
                "n_macc": 64000,
                "n_params": 0,
                "psize": 0,
                "rom_size": 0
            },
            "id": 29,
            "inputs": [
                "_Relu_2_output_0_QuantizeLinear_Output"
            ],
            "name": "_Relu_2_output_0_DequantizeLinear_Output",
            "original": "DequantizeLinear",
            "type": "Conversion"
        },
        {
            "c_id": [
                3
            ],
            "extras": {
                "n_macc": 18432064,
                "n_params": 36928,
                "psize": 147712,
                "rom_output": {
                    "c_size": 32000,
                    "fmt": {
                        "format": "s8"
                    },
                    "shape": [
                        25,
                        64,
                        20
                    ]
                },
                "rom_size": 37120
            },
            "id": 30,
            "inputs": [
                "_Relu_2_output_0_DequantizeLinear_Output"
            ],
            "name": "_Relu_3_output_0",
            "original": "Conv",
            "type": "Conv2D"
        },
        {
            "c_id": [],
            "extras": {
                "n_macc": 64000,
                "n_params": 0,
                "psize": 0,
                "rom_size": 0
            },
            "id": 31,
            "inputs": [
                "_Relu_3_output_0"
            ],
            "name": "_Relu_3_output_0_QuantizeLinear_Output",
            "original": "QuantizeLinear",
            "type": "Conversion"
        },
        {
            "c_id": [],
            "extras": {
                "n_macc": 64000,
                "n_params": 0,
                "psize": 0,
                "rom_size": 0
            },
            "id": 32,
            "inputs": [
                "_Relu_3_output_0_QuantizeLinear_Output"
            ],
            "name": "_Relu_3_output_0_DequantizeLinear_Output",
            "original": "DequantizeLinear",
            "type": "Conversion"
        },
        {
            "c_id": [
                4
            ],
            "extras": {
                "n_macc": 32000,
                "n_params": 0,
                "psize": 0,
                "rom_output": {
                    "c_size": 64,
                    "fmt": {
                        "format": "s8"
                    },
                    "shape": [
                        1,
                        64,
                        1
                    ]
                },
                "rom_size": 0
            },
            "id": 33,
            "inputs": [
                "_Relu_3_output_0_DequantizeLinear_Output"
            ],
            "name": "_pool2_GlobalAveragePool_output_0",
            "original": "GlobalAveragePool",
            "type": "Pool"
        },
        {
            "c_id": [],
            "extras": {
                "n_macc": 128,
                "n_params": 0,
                "psize": 0,
                "rom_size": 0
            },
            "id": 34,
            "inputs": [
                "_pool2_GlobalAveragePool_output_0"
            ],
            "name": "_pool2_GlobalAveragePool_output_0_QuantizeLinear_Output",
            "original": "QuantizeLinear",
            "type": "Conversion"
        },
        {
            "c_id": [],
            "extras": {
                "n_macc": 128,
                "n_params": 0,
                "psize": 0,
                "rom_size": 0
            },
            "id": 35,
            "inputs": [
                "_pool2_GlobalAveragePool_output_0_QuantizeLinear_Output"
            ],
            "name": "_pool2_GlobalAveragePool_output_0_DequantizeLinear_Output",
            "original": "DequantizeLinear",
            "type": "Conversion"
        },
        {
            "c_id": [],
            "extras": {
                "n_macc": 0,
                "n_params": 0,
                "psize": 0,
                "rom_size": 0
            },
            "id": 40,
            "inputs": [
                "_pool2_GlobalAveragePool_output_0_DequantizeLinear_Output"
            ],
            "name": "_Reshape_output_0",
            "original": "Reshape",
            "type": "Reshape"
        },
        {
            "c_id": [],
            "extras": {
                "n_macc": 128,
                "n_params": 0,
                "psize": 0,
                "rom_size": 0
            },
            "id": 41,
            "inputs": [
                "_Reshape_output_0"
            ],
            "name": "_Reshape_output_0_QuantizeLinear_Output",
            "original": "QuantizeLinear",
            "type": "Conversion"
        },
        {
            "c_id": [],
            "extras": {
                "n_macc": 128,
                "n_params": 0,
                "psize": 0,
                "rom_size": 0
            },
            "id": 42,
            "inputs": [
                "_Reshape_output_0_QuantizeLinear_Output"
            ],
            "name": "_Reshape_output_0_DequantizeLinear_Output",
            "original": "DequantizeLinear",
            "type": "Conversion"
        },
        {
            "c_id": [
                5
            ],
            "extras": {
                "n_macc": 2080,
                "n_params": 0,
                "psize": 0,
                "rom_output": {
                    "c_size": 32,
                    "fmt": {
                        "format": "s8"
                    },
                    "shape": [
                        32
                    ]
                },
                "rom_size": 2176
            },
            "id": 43,
            "inputs": [
                "_Reshape_output_0_DequantizeLinear_Output",
                "fc1_weight_DequantizeLinear_Output_const",
                "fc1_bias_const"
            ],
            "name": "_Relu_4_output_0",
            "original": "Gemm",
            "type": "Gemm"
        },
        {
            "c_id": [],
            "extras": {
                "n_macc": 64,
                "n_params": 0,
                "psize": 0,
                "rom_size": 0
            },
            "id": 44,
            "inputs": [
                "_Relu_4_output_0"
            ],
            "name": "_Relu_4_output_0_QuantizeLinear_Output",
            "original": "QuantizeLinear",
            "type": "Conversion"
        },
        {
            "c_id": [],
            "extras": {
                "n_macc": 64,
                "n_params": 0,
                "psize": 0,
                "rom_size": 0
            },
            "id": 45,
            "inputs": [
                "_Relu_4_output_0_QuantizeLinear_Output"
            ],
            "name": "_Relu_4_output_0_DequantizeLinear_Output",
            "original": "DequantizeLinear",
            "type": "Conversion"
        },
        {
            "c_id": [
                6
            ],
            "extras": {
                "n_macc": 264,
                "n_params": 0,
                "psize": 0,
                "rom_output": {
                    "c_size": 8,
                    "fmt": {
                        "format": "s8"
                    },
                    "shape": [
                        8
                    ]
                },
                "rom_size": 288
            },
            "id": 46,
            "inputs": [
                "_Relu_4_output_0_DequantizeLinear_Output",
                "fc2_weight_DequantizeLinear_Output_const",
                "fc2_bias_const"
            ],
            "name": "output_QuantizeLinear_Input",
            "original": "Gemm",
            "type": "Gemm"
        },
        {
            "c_id": [],
            "extras": {
                "n_macc": 16,
                "n_params": 0,
                "psize": 0,
                "rom_size": 0
            },
            "id": 47,
            "inputs": [
                "output_QuantizeLinear_Input"
            ],
            "name": "output_QuantizeLinear_Output",
            "original": "QuantizeLinear",
            "type": "Conversion"
        },
        {
            "c_id": [],
            "extras": {
                "n_macc": 16,
                "n_params": 0,
                "psize": 0,
                "rom_size": 0
            },
            "id": 48,
            "inputs": [
                "output_QuantizeLinear_Output"
            ],
            "name": "output",
            "original": "DequantizeLinear",
            "type": "Conversion"
        }
    ],
    "model_files": [
        "C:\\Users\\ronan\\Documents\\ETH\\S2\\Machine Learning on Microcontrollers\\project\\reports\\20250611-120913\\model_quantized.onnx"
    ],
    "model_n_params": 67336,
    "model_name": "model_quantized",
    "model_size": 269344,
    "model_type": "onnx",
    "name": "network",
    "outputs": [
        "output_QuantizeLinear_Input"
    ],
    "ram_io_size": [
        0,
        0
    ],
    "ram_size": 76608,
    "report_version": 1.1,
    "rom_cfact": 1.0,
    "rom_heap_inspector": 2048,
    "rom_inputs": [
        {
            "c_size": 2040,
            "c_type": "s8",
            "name": "input"
        }
    ],
    "rom_n_macc": 47134696,
    "rom_outputs": [
        {
            "c_size": 8,
            "c_type": "s8",
            "name": "output_QuantizeLinear_Input"
        }
    ],
    "rom_size": 68032,
    "strategy": "",
    "tools_api_version": "2.0.0-20049",
    "tools_version": "2.0.0-20049",
    "val_error": -1.0,
    "val_error_desc": "None (None) #-1",
    "val_metrics": []
}