{
    "_allocate_inputs": 4,
    "_allocate_outputs": 4,
    "cli_parameters": "analyze --target stm32l4 --name network -m C:/Users/ronan/Documents/ETH/S2/Machine Learning on Microcontrollers/project/reports/20250611-120913/model.onnx --compression none --verbosity 1 --workspace C:/Users/ronan/AppData/Local/Temp/mxAI_workspace4916095838010012703686954241778034 --output C:/Users/ronan/.stm32cubemx/network_output",
    "cli_version": {
        "extra": "20049",
        "major": 2,
        "micro": 0,
        "minor": 0
    },
    "cli_version_str": "2.0.0-20049",
    "code_size": 0,
    "compression": [],
    "date_time": "2025-06-11T23:21:02+0200",
    "error": 0,
    "error_str": [],
    "exec_cmd": "analyze",
    "exec_duration": 0.0,
    "hash": "0x8539dbdfb703acc59c687f3797725665",
    "inputs": [
        "input"
    ],
    "layers": [
        {
            "c_id": [
                8
            ],
            "extras": {
                "n_macc": 0,
                "n_params": 2048,
                "psize": 8192,
                "rom_size": 8320
            },
            "id": 19,
            "inputs": [],
            "name": "fc1_weight",
            "original": "Gemm",
            "type": "Placeholder"
        },
        {
            "c_id": [],
            "extras": {
                "n_macc": 0,
                "n_params": 32,
                "psize": 128,
                "rom_size": 0
            },
            "id": 19,
            "inputs": [],
            "name": "fc1_bias",
            "original": "Gemm",
            "type": "Placeholder"
        },
        {
            "c_id": [
                10
            ],
            "extras": {
                "n_macc": 0,
                "n_params": 256,
                "psize": 1024,
                "rom_size": 1056
            },
            "id": 21,
            "inputs": [],
            "name": "fc2_weight",
            "original": "Gemm",
            "type": "Placeholder"
        },
        {
            "c_id": [],
            "extras": {
                "n_macc": 0,
                "n_params": 8,
                "psize": 32,
                "rom_size": 0
            },
            "id": 21,
            "inputs": [],
            "name": "fc2_bias",
            "original": "Gemm",
            "type": "Placeholder"
        },
        {
            "c_id": [],
            "extras": {
                "n_macc": 0,
                "n_params": 0,
                "psize": 0,
                "rom_output": {
                    "c_size": 8160,
                    "fmt": {
                        "format": "float"
                    },
                    "shape": [
                        51,
                        1,
                        40
                    ]
                },
                "rom_size": 0
            },
            "id": 0,
            "inputs": [],
            "name": "input",
            "original": "",
            "type": "Input"
        },
        {
            "c_id": [
                0
            ],
            "extras": {
                "n_macc": 587552,
                "n_params": 320,
                "psize": 1280,
                "rom_output": {
                    "c_size": 261120,
                    "fmt": {
                        "format": "float"
                    },
                    "shape": [
                        51,
                        32,
                        40
                    ]
                },
                "rom_size": 1280
            },
            "id": 1,
            "inputs": [
                "input"
            ],
            "name": "_conv1_Conv_output_0",
            "original": "Conv",
            "type": "Conv2D"
        },
        {
            "c_id": [
                1
            ],
            "extras": {
                "n_macc": 65280,
                "n_params": 0,
                "psize": 0,
                "rom_output": {
                    "c_size": 261120,
                    "fmt": {
                        "format": "float"
                    },
                    "shape": [
                        51,
                        32,
                        40
                    ]
                },
                "rom_size": 0
            },
            "id": 2,
            "inputs": [
                "_conv1_Conv_output_0"
            ],
            "name": "_Relu_output_0",
            "original": "Relu",
            "type": "Nonlinearity"
        },
        {
            "c_id": [],
            "extras": {
                "n_macc": 18800672,
                "n_params": 9248,
                "psize": 36992,
                "rom_output": {
                    "c_size": 64000,
                    "fmt": {
                        "format": "float"
                    },
                    "shape": [
                        25,
                        32,
                        20
                    ]
                },
                "rom_size": 0
            },
            "id": 3,
            "inputs": [
                "_Relu_output_0"
            ],
            "name": "_conv2_Conv_output_0",
            "original": "Conv",
            "type": "Conv2D"
        },
        {
            "c_id": [],
            "extras": {
                "n_macc": 65280,
                "n_params": 0,
                "psize": 0,
                "rom_size": 0
            },
            "id": 4,
            "inputs": [
                "_conv2_Conv_output_0"
            ],
            "name": "_Relu_1_output_0",
            "original": "Relu",
            "type": "Nonlinearity"
        },
        {
            "c_id": [
                2
            ],
            "extras": {
                "n_macc": 64000,
                "n_params": 0,
                "psize": 0,
                "rom_size": 36992
            },
            "id": 5,
            "inputs": [
                "_Relu_1_output_0"
            ],
            "name": "_pool1_MaxPool_output_0",
            "original": "MaxPool",
            "type": "Pool"
        },
        {
            "c_id": [
                3
            ],
            "extras": {
                "n_macc": 9216064,
                "n_params": 18496,
                "psize": 73984,
                "rom_output": {
                    "c_size": 128000,
                    "fmt": {
                        "format": "float"
                    },
                    "shape": [
                        25,
                        64,
                        20
                    ]
                },
                "rom_size": 73984
            },
            "id": 6,
            "inputs": [
                "_pool1_MaxPool_output_0"
            ],
            "name": "_conv3_Conv_output_0",
            "original": "Conv",
            "type": "Conv2D"
        },
        {
            "c_id": [
                4
            ],
            "extras": {
                "n_macc": 32000,
                "n_params": 0,
                "psize": 0,
                "rom_output": {
                    "c_size": 128000,
                    "fmt": {
                        "format": "float"
                    },
                    "shape": [
                        25,
                        64,
                        20
                    ]
                },
                "rom_size": 0
            },
            "id": 7,
            "inputs": [
                "_conv3_Conv_output_0"
            ],
            "name": "_Relu_2_output_0",
            "original": "Relu",
            "type": "Nonlinearity"
        },
        {
            "c_id": [
                5
            ],
            "extras": {
                "n_macc": 18432064,
                "n_params": 36928,
                "psize": 147712,
                "rom_output": {
                    "c_size": 128000,
                    "fmt": {
                        "format": "float"
                    },
                    "shape": [
                        25,
                        64,
                        20
                    ]
                },
                "rom_size": 147712
            },
            "id": 8,
            "inputs": [
                "_Relu_2_output_0"
            ],
            "name": "_conv4_Conv_output_0",
            "original": "Conv",
            "type": "Conv2D"
        },
        {
            "c_id": [
                6
            ],
            "extras": {
                "n_macc": 32000,
                "n_params": 0,
                "psize": 0,
                "rom_output": {
                    "c_size": 128000,
                    "fmt": {
                        "format": "float"
                    },
                    "shape": [
                        25,
                        64,
                        20
                    ]
                },
                "rom_size": 0
            },
            "id": 9,
            "inputs": [
                "_conv4_Conv_output_0"
            ],
            "name": "_Relu_3_output_0",
            "original": "Relu",
            "type": "Nonlinearity"
        },
        {
            "c_id": [
                7
            ],
            "extras": {
                "n_macc": 32000,
                "n_params": 0,
                "psize": 0,
                "rom_output": {
                    "c_size": 256,
                    "fmt": {
                        "format": "float"
                    },
                    "shape": [
                        1,
                        64,
                        1
                    ]
                },
                "rom_size": 0
            },
            "id": 10,
            "inputs": [
                "_Relu_3_output_0"
            ],
            "name": "_pool2_GlobalAveragePool_output_0",
            "original": "GlobalAveragePool",
            "type": "Pool"
        },
        {
            "c_id": [],
            "extras": {
                "n_macc": 0,
                "n_params": 0,
                "psize": 0,
                "rom_size": 0
            },
            "id": 18,
            "inputs": [
                "_pool2_GlobalAveragePool_output_0"
            ],
            "name": "_Reshape_output_0",
            "original": "Reshape",
            "type": "Reshape"
        },
        {
            "c_id": [],
            "extras": {
                "n_macc": 2080,
                "n_params": 0,
                "psize": 0,
                "rom_output": {
                    "c_size": 128,
                    "fmt": {
                        "format": "float"
                    },
                    "shape": [
                        32
                    ]
                },
                "rom_size": 0
            },
            "id": 19,
            "inputs": [
                "_Reshape_output_0",
                "fc1_weight",
                "fc1_bias"
            ],
            "name": "_fc1_Gemm_output_0",
            "original": "Gemm",
            "type": "Gemm"
        },
        {
            "c_id": [
                9
            ],
            "extras": {
                "n_macc": 32,
                "n_params": 0,
                "psize": 0,
                "rom_output": {
                    "c_size": 128,
                    "fmt": {
                        "format": "float"
                    },
                    "shape": [
                        32
                    ]
                },
                "rom_size": 0
            },
            "id": 20,
            "inputs": [
                "_fc1_Gemm_output_0"
            ],
            "name": "_Relu_4_output_0",
            "original": "Relu",
            "type": "Nonlinearity"
        },
        {
            "c_id": [],
            "extras": {
                "n_macc": 264,
                "n_params": 0,
                "psize": 0,
                "rom_output": {
                    "c_size": 32,
                    "fmt": {
                        "format": "float"
                    },
                    "shape": [
                        8
                    ]
                },
                "rom_size": 0
            },
            "id": 21,
            "inputs": [
                "_Relu_4_output_0",
                "fc2_weight",
                "fc2_bias"
            ],
            "name": "output",
            "original": "Gemm",
            "type": "Gemm"
        }
    ],
    "model_files": [
        "C:\\Users\\ronan\\Documents\\ETH\\S2\\Machine Learning on Microcontrollers\\project\\reports\\20250611-120913\\model.onnx"
    ],
    "model_n_params": 67336,
    "model_name": "model",
    "model_size": 269344,
    "model_type": "onnx",
    "name": "network",
    "outputs": [
        "output"
    ],
    "ram_io_size": [
        0,
        0
    ],
    "ram_size": 281984,
    "report_version": 1.1,
    "rom_cfact": 1.0,
    "rom_heap_inspector": 2048,
    "rom_inputs": [
        {
            "c_size": 8160,
            "c_type": "float",
            "name": "input"
        }
    ],
    "rom_n_macc": 47329288,
    "rom_outputs": [
        {
            "c_size": 32,
            "c_type": "float",
            "name": "output"
        }
    ],
    "rom_size": 269344,
    "strategy": "",
    "tools_api_version": "2.0.0-20049",
    "tools_version": "2.0.0-20049",
    "val_error": -1.0,
    "val_error_desc": "None (None) #-1",
    "val_metrics": []
}