{
    "_allocate_inputs": 4,
    "_allocate_outputs": 4,
    "cli_parameters": "validate --target stm32l4 --name network -m C:/Users/ronan/Documents/ETH/S2/Machine Learning on Microcontrollers/project/stm_export/model.onnx --compression none --verbosity 1 --workspace C:/Users/ronan/AppData/Local/Temp/mxAI_workspace113873144132004185055527802112452 --output C:/Users/ronan/.stm32cubemx/network_output --mode target --desc serial:COM4:115200",
    "cli_version": {
        "extra": "20049",
        "major": 2,
        "micro": 0,
        "minor": 0
    },
    "cli_version_str": "2.0.0-20049",
    "code_size": 0,
    "compression": [],
    "date_time": "2025-05-26T15:39:15+0200",
    "error": 0,
    "error_str": [],
    "exec_cmd": "validate",
    "exec_duration": 0.0,
    "hash": "0xcb9d1fc000fae7f1bd24506ba886a1a7",
    "inputs": [
        "input"
    ],
    "layers": [
        {
            "c_id": [
                5
            ],
            "extras": {
                "n_macc": 0,
                "n_params": 256,
                "psize": 1024,
                "rom_size": 1040
            },
            "id": 17,
            "inputs": [],
            "name": "fc_weight",
            "original": "Gemm",
            "type": "Placeholder"
        },
        {
            "c_id": [],
            "extras": {
                "n_macc": 0,
                "n_params": 4,
                "psize": 16,
                "rom_size": 0
            },
            "id": 17,
            "inputs": [],
            "name": "fc_bias",
            "original": "Gemm",
            "type": "Placeholder"
        },
        {
            "c_id": [],
            "extras": {
                "n_macc": 0,
                "n_params": 0,
                "psize": 0,
                "rom_output": {
                    "c_size": 8160,
                    "fmt": {
                        "format": "float"
                    },
                    "shape": [
                        51,
                        1,
                        40
                    ]
                },
                "rom_size": 0
            },
            "id": 0,
            "inputs": [],
            "name": "input",
            "original": "",
            "type": "Input"
        },
        {
            "c_id": [],
            "extras": {
                "n_macc": 293776,
                "n_params": 160,
                "psize": 640,
                "rom_output": {
                    "c_size": 32000,
                    "fmt": {
                        "format": "float"
                    },
                    "shape": [
                        25,
                        16,
                        20
                    ]
                },
                "rom_size": 0
            },
            "id": 1,
            "inputs": [
                "input"
            ],
            "name": "_conv1_Conv_output_0",
            "original": "Conv",
            "type": "Conv2D"
        },
        {
            "c_id": [],
            "extras": {
                "n_macc": 32640,
                "n_params": 0,
                "psize": 0,
                "rom_size": 0
            },
            "id": 2,
            "inputs": [
                "_conv1_Conv_output_0"
            ],
            "name": "_Relu_output_0",
            "original": "Relu",
            "type": "Nonlinearity"
        },
        {
            "c_id": [
                0
            ],
            "extras": {
                "n_macc": 32000,
                "n_params": 0,
                "psize": 0,
                "rom_size": 640
            },
            "id": 3,
            "inputs": [
                "_Relu_output_0"
            ],
            "name": "_pool1_MaxPool_output_0",
            "original": "MaxPool",
            "type": "Pool"
        },
        {
            "c_id": [],
            "extras": {
                "n_macc": 2304032,
                "n_params": 4640,
                "psize": 18560,
                "rom_output": {
                    "c_size": 15360,
                    "fmt": {
                        "format": "float"
                    },
                    "shape": [
                        12,
                        32,
                        10
                    ]
                },
                "rom_size": 0
            },
            "id": 4,
            "inputs": [
                "_pool1_MaxPool_output_0"
            ],
            "name": "_conv2_Conv_output_0",
            "original": "Conv",
            "type": "Conv2D"
        },
        {
            "c_id": [],
            "extras": {
                "n_macc": 16000,
                "n_params": 0,
                "psize": 0,
                "rom_size": 0
            },
            "id": 5,
            "inputs": [
                "_conv2_Conv_output_0"
            ],
            "name": "_Relu_1_output_0",
            "original": "Relu",
            "type": "Nonlinearity"
        },
        {
            "c_id": [
                1
            ],
            "extras": {
                "n_macc": 15360,
                "n_params": 0,
                "psize": 0,
                "rom_size": 18560
            },
            "id": 6,
            "inputs": [
                "_Relu_1_output_0"
            ],
            "name": "_pool2_MaxPool_output_0",
            "original": "MaxPool",
            "type": "Pool"
        },
        {
            "c_id": [
                2
            ],
            "extras": {
                "n_macc": 2211904,
                "n_params": 18496,
                "psize": 73984,
                "rom_output": {
                    "c_size": 30720,
                    "fmt": {
                        "format": "float"
                    },
                    "shape": [
                        12,
                        64,
                        10
                    ]
                },
                "rom_size": 73984
            },
            "id": 7,
            "inputs": [
                "_pool2_MaxPool_output_0"
            ],
            "name": "_conv3_Conv_output_0",
            "original": "Conv",
            "type": "Conv2D"
        },
        {
            "c_id": [
                3
            ],
            "extras": {
                "n_macc": 7680,
                "n_params": 0,
                "psize": 0,
                "rom_output": {
                    "c_size": 30720,
                    "fmt": {
                        "format": "float"
                    },
                    "shape": [
                        12,
                        64,
                        10
                    ]
                },
                "rom_size": 0
            },
            "id": 8,
            "inputs": [
                "_conv3_Conv_output_0"
            ],
            "name": "_Relu_2_output_0",
            "original": "Relu",
            "type": "Nonlinearity"
        },
        {
            "c_id": [
                4
            ],
            "extras": {
                "n_macc": 7680,
                "n_params": 0,
                "psize": 0,
                "rom_output": {
                    "c_size": 256,
                    "fmt": {
                        "format": "float"
                    },
                    "shape": [
                        1,
                        64,
                        1
                    ]
                },
                "rom_size": 0
            },
            "id": 9,
            "inputs": [
                "_Relu_2_output_0"
            ],
            "name": "_pool3_GlobalAveragePool_output_0",
            "original": "GlobalAveragePool",
            "type": "Pool"
        },
        {
            "c_id": [],
            "extras": {
                "n_macc": 0,
                "n_params": 0,
                "psize": 0,
                "rom_size": 0
            },
            "id": 16,
            "inputs": [
                "_pool3_GlobalAveragePool_output_0"
            ],
            "name": "_Reshape_output_0",
            "original": "Reshape",
            "type": "Reshape"
        },
        {
            "c_id": [],
            "extras": {
                "n_macc": 260,
                "n_params": 0,
                "psize": 0,
                "rom_output": {
                    "c_size": 16,
                    "fmt": {
                        "format": "float"
                    },
                    "shape": [
                        4
                    ]
                },
                "rom_size": 0
            },
            "id": 17,
            "inputs": [
                "_Reshape_output_0",
                "fc_weight",
                "fc_bias"
            ],
            "name": "output",
            "original": "Gemm",
            "type": "Gemm"
        }
    ],
    "model_files": [
        "C:\\Users\\ronan\\Documents\\ETH\\S2\\Machine Learning on Microcontrollers\\project\\stm_export\\model.onnx"
    ],
    "model_n_params": 23556,
    "model_name": "model",
    "model_size": 94224,
    "model_type": "onnx",
    "name": "network",
    "outputs": [
        "output"
    ],
    "ram_io_size": [
        0,
        0
    ],
    "ram_size": 47232,
    "report_version": 1.1,
    "rom_cfact": 1.0,
    "rom_heap_inspector": 2048,
    "rom_inputs": [
        {
            "c_size": 8160,
            "c_type": "float",
            "name": "input"
        }
    ],
    "rom_n_macc": 4921332,
    "rom_outputs": [
        {
            "c_size": 16,
            "c_type": "float",
            "name": "output"
        }
    ],
    "rom_size": 94224,
    "strategy": "",
    "tools_api_version": "2.0.0-20049",
    "tools_version": "2.0.0-20049",
    "val_error": 2.005623827017189e-07,
    "val_error_desc": "x-cross (l2r) #1",
    "val_metrics": [
        {
            "acc": "n.a.",
            "cos": 1.0,
            "desc": "X-cross #1",
            "l2r": 2.005623827017189e-07,
            "mae": 4.3511391822903533e-07,
            "mean": 8.940696716308594e-08,
            "nse": 0.9999999999999502,
            "rmse": 5.216683689468482e-07,
            "std": 5.204970534578024e-07,
            "ts_name": "'output', 10 x f32(1x4), m_id=[17]"
        }
    ]
}