{
  "buffers": [
    {
      "alignment": 4,
      "batch": 0,
      "channel_first": false,
      "channel_last": true,
      "epochs": {
        "end": 22,
        "start": 19
      },
      "flags": "STAI_FLAG_PREALLOCATED|STAI_FLAG_ACTIVATIONS",
      "format": "STAI_FORMAT_FLOAT",
      "id": 141,
      "intq": {},
      "is_param": false,
      "mpool_id": 0,
      "name": "_Relu_2_output_0_output_array",
      "nbits": 32,
      "offset_start": 16512,
      "qmn": {},
      "shape": [
        10,
        12,
        64
      ],
      "shape_map": [
        "H",
        "W",
        "CH"
      ],
      "size_bytes": 30720
    },
    {
      "alignment": 4,
      "batch": 0,
      "channel_first": true,
      "channel_last": true,
      "epochs": {
        "end": 1,
        "start": 0
      },
      "flags": "STAI_FLAG_WEIGHTS|STAI_FLAG_CONST|STAI_FLAG_PREALLOCATED",
      "format": "STAI_FORMAT_FLOAT",
      "id": 150,
      "intq": {},
      "is_param": true,
      "mpool_id": 1,
      "name": "_conv1_Conv_output_0_bias_array",
      "nbits": 32,
      "offset_start": 576,
      "qmn": {},
      "shape": [
        16
      ],
      "shape_map": [
        "CH"
      ],
      "size_bytes": 64
    },
    {
      "alignment": 4,
      "batch": 0,
      "channel_first": false,
      "channel_last": true,
      "epochs": {
        "end": 12,
        "start": 5
      },
      "flags": "STAI_FLAG_PREALLOCATED|STAI_FLAG_ACTIVATIONS",
      "format": "STAI_FORMAT_FLOAT",
      "id": 135,
      "intq": {},
      "is_param": false,
      "mpool_id": 0,
      "name": "_conv1_Conv_output_0_output_array",
      "nbits": 32,
      "offset_start": 3392,
      "qmn": {},
      "shape": [
        20,
        25,
        16
      ],
      "shape_map": [
        "H",
        "W",
        "CH"
      ],
      "size_bytes": 32000
    },
    {
      "alignment": 4,
      "batch": 0,
      "channel_first": false,
      "channel_last": true,
      "epochs": {
        "end": 7,
        "start": 3
      },
      "flags": "STAI_FLAG_PREALLOCATED|STAI_FLAG_ACTIVATIONS|STAI_FLAG_SCRATCHS",
      "format": "STAI_FORMAT_FLOAT",
      "id": 179,
      "intq": {},
      "is_param": false,
      "mpool_id": 0,
      "name": "_conv1_Conv_output_0_scratch0_array",
      "nbits": 32,
      "offset_start": 40180,
      "qmn": {},
      "shape": [
        3,
        3,
        1,
        1
      ],
      "shape_map": [
        "H",
        "W",
        "CH",
        "CH_IN"
      ],
      "size_bytes": 36
    },
    {
      "alignment": 4,
      "batch": 0,
      "channel_first": false,
      "channel_last": true,
      "epochs": {
        "end": 8,
        "start": 4
      },
      "flags": "STAI_FLAG_PREALLOCATED|STAI_FLAG_ACTIVATIONS|STAI_FLAG_SCRATCHS",
      "format": "STAI_FORMAT_FLOAT",
      "id": 183,
      "intq": {},
      "is_param": false,
      "mpool_id": 0,
      "name": "_conv1_Conv_output_0_scratch1_array",
      "nbits": 32,
      "offset_start": 40216,
      "qmn": {},
      "shape": [
        2,
        51,
        16,
        1
      ],
      "shape_map": [
        "H",
        "W",
        "CH",
        "CH_IN"
      ],
      "size_bytes": 6528
    },
    {
      "alignment": 4,
      "batch": 0,
      "channel_first": true,
      "channel_last": false,
      "epochs": {
        "end": 1,
        "start": 0
      },
      "flags": "STAI_FLAG_WEIGHTS|STAI_FLAG_CONST|STAI_FLAG_PREALLOCATED",
      "format": "STAI_FORMAT_FLOAT",
      "id": 147,
      "intq": {},
      "is_param": true,
      "mpool_id": 1,
      "name": "_conv1_Conv_output_0_weights_array",
      "nbits": 32,
      "offset_start": 0,
      "qmn": {},
      "shape": [
        16,
        3,
        3,
        1
      ],
      "shape_map": [
        "CH",
        "H",
        "W",
        "CH_IN"
      ],
      "size_bytes": 576
    },
    {
      "alignment": 4,
      "batch": 0,
      "channel_first": true,
      "channel_last": true,
      "epochs": {
        "end": 1,
        "start": 0
      },
      "flags": "STAI_FLAG_WEIGHTS|STAI_FLAG_CONST|STAI_FLAG_PREALLOCATED",
      "format": "STAI_FORMAT_FLOAT",
      "id": 156,
      "intq": {},
      "is_param": true,
      "mpool_id": 1,
      "name": "_conv2_Conv_output_0_bias_array",
      "nbits": 32,
      "offset_start": 19072,
      "qmn": {},
      "shape": [
        32
      ],
      "shape_map": [
        "CH"
      ],
      "size_bytes": 128
    },
    {
      "alignment": 4,
      "batch": 0,
      "channel_first": false,
      "channel_last": true,
      "epochs": {
        "end": 17,
        "start": 11
      },
      "flags": "STAI_FLAG_PREALLOCATED|STAI_FLAG_ACTIVATIONS",
      "format": "STAI_FORMAT_FLOAT",
      "id": 137,
      "intq": {},
      "is_param": false,
      "mpool_id": 0,
      "name": "_conv2_Conv_output_0_output_array",
      "nbits": 32,
      "offset_start": 0,
      "qmn": {},
      "shape": [
        10,
        12,
        32
      ],
      "shape_map": [
        "H",
        "W",
        "CH"
      ],
      "size_bytes": 15360
    },
    {
      "alignment": 4,
      "batch": 0,
      "channel_first": false,
      "channel_last": true,
      "epochs": {
        "end": 13,
        "start": 9
      },
      "flags": "STAI_FLAG_PREALLOCATED|STAI_FLAG_ACTIVATIONS|STAI_FLAG_SCRATCHS",
      "format": "STAI_FORMAT_FLOAT",
      "id": 194,
      "intq": {},
      "is_param": false,
      "mpool_id": 0,
      "name": "_conv2_Conv_output_0_scratch0_array",
      "nbits": 32,
      "offset_start": 35392,
      "qmn": {},
      "shape": [
        3,
        3,
        16,
        1
      ],
      "shape_map": [
        "H",
        "W",
        "CH",
        "CH_IN"
      ],
      "size_bytes": 576
    },
    {
      "alignment": 4,
      "batch": 0,
      "channel_first": false,
      "channel_last": true,
      "epochs": {
        "end": 14,
        "start": 10
      },
      "flags": "STAI_FLAG_PREALLOCATED|STAI_FLAG_ACTIVATIONS|STAI_FLAG_SCRATCHS",
      "format": "STAI_FORMAT_FLOAT",
      "id": 198,
      "intq": {},
      "is_param": false,
      "mpool_id": 0,
      "name": "_conv2_Conv_output_0_scratch1_array",
      "nbits": 32,
      "offset_start": 35968,
      "qmn": {},
      "shape": [
        2,
        25,
        32,
        1
      ],
      "shape_map": [
        "H",
        "W",
        "CH",
        "CH_IN"
      ],
      "size_bytes": 6400
    },
    {
      "alignment": 4,
      "batch": 0,
      "channel_first": true,
      "channel_last": false,
      "epochs": {
        "end": 1,
        "start": 0
      },
      "flags": "STAI_FLAG_WEIGHTS|STAI_FLAG_CONST|STAI_FLAG_PREALLOCATED",
      "format": "STAI_FORMAT_FLOAT",
      "id": 153,
      "intq": {},
      "is_param": true,
      "mpool_id": 1,
      "name": "_conv2_Conv_output_0_weights_array",
      "nbits": 32,
      "offset_start": 640,
      "qmn": {},
      "shape": [
        32,
        3,
        3,
        16
      ],
      "shape_map": [
        "CH",
        "H",
        "W",
        "CH_IN"
      ],
      "size_bytes": 18432
    },
    {
      "alignment": 4,
      "batch": 0,
      "channel_first": true,
      "channel_last": true,
      "epochs": {
        "end": 1,
        "start": 0
      },
      "flags": "STAI_FLAG_WEIGHTS|STAI_FLAG_CONST|STAI_FLAG_PREALLOCATED",
      "format": "STAI_FORMAT_FLOAT",
      "id": 162,
      "intq": {},
      "is_param": true,
      "mpool_id": 1,
      "name": "_conv3_Conv_output_0_bias_array",
      "nbits": 32,
      "offset_start": 92928,
      "qmn": {},
      "shape": [
        64
      ],
      "shape_map": [
        "CH"
      ],
      "size_bytes": 256
    },
    {
      "alignment": 4,
      "batch": 0,
      "channel_first": false,
      "channel_last": true,
      "epochs": {
        "end": 20,
        "start": 16
      },
      "flags": "STAI_FLAG_PREALLOCATED|STAI_FLAG_ACTIVATIONS",
      "format": "STAI_FORMAT_FLOAT",
      "id": 139,
      "intq": {},
      "is_param": false,
      "mpool_id": 0,
      "name": "_conv3_Conv_output_0_output_array",
      "nbits": 32,
      "offset_start": 16512,
      "qmn": {},
      "shape": [
        10,
        12,
        64
      ],
      "shape_map": [
        "H",
        "W",
        "CH"
      ],
      "size_bytes": 30720
    },
    {
      "alignment": 4,
      "batch": 0,
      "channel_first": false,
      "channel_last": true,
      "epochs": {
        "end": 18,
        "start": 15
      },
      "flags": "STAI_FLAG_PREALLOCATED|STAI_FLAG_ACTIVATIONS|STAI_FLAG_SCRATCHS",
      "format": "STAI_FORMAT_FLOAT",
      "id": 205,
      "intq": {},
      "is_param": false,
      "mpool_id": 0,
      "name": "_conv3_Conv_output_0_scratch0_array",
      "nbits": 32,
      "offset_start": 15360,
      "qmn": {},
      "shape": [
        3,
        3,
        32,
        1
      ],
      "shape_map": [
        "H",
        "W",
        "CH",
        "CH_IN"
      ],
      "size_bytes": 1152
    },
    {
      "alignment": 4,
      "batch": 0,
      "channel_first": true,
      "channel_last": false,
      "epochs": {
        "end": 1,
        "start": 0
      },
      "flags": "STAI_FLAG_WEIGHTS|STAI_FLAG_CONST|STAI_FLAG_PREALLOCATED",
      "format": "STAI_FORMAT_FLOAT",
      "id": 159,
      "intq": {},
      "is_param": true,
      "mpool_id": 1,
      "name": "_conv3_Conv_output_0_weights_array",
      "nbits": 32,
      "offset_start": 19200,
      "qmn": {},
      "shape": [
        64,
        3,
        3,
        32
      ],
      "shape_map": [
        "CH",
        "H",
        "W",
        "CH_IN"
      ],
      "size_bytes": 73728
    },
    {
      "alignment": 4,
      "batch": 0,
      "channel_first": false,
      "channel_last": true,
      "epochs": {
        "end": 24,
        "start": 21
      },
      "flags": "STAI_FLAG_PREALLOCATED|STAI_FLAG_ACTIVATIONS",
      "format": "STAI_FORMAT_FLOAT",
      "id": 143,
      "intq": {},
      "is_param": false,
      "mpool_id": 0,
      "name": "_pool3_GlobalAveragePool_output_0_output_array",
      "nbits": 32,
      "offset_start": 0,
      "qmn": {},
      "shape": [
        1,
        1,
        64
      ],
      "shape_map": [
        "H",
        "W",
        "CH"
      ],
      "size_bytes": 256
    },
    {
      "alignment": 4,
      "batch": 0,
      "channel_first": false,
      "channel_last": true,
      "epochs": {
        "end": 6,
        "start": 2
      },
      "flags": "STAI_FLAG_INPUTS|STAI_FLAG_PREALLOCATED|STAI_FLAG_ACTIVATIONS",
      "format": "STAI_FORMAT_FLOAT",
      "id": 133,
      "intq": {},
      "is_param": false,
      "mpool_id": 0,
      "name": "input_output_array",
      "nbits": 32,
      "offset_start": 32020,
      "qmn": {},
      "shape": [
        40,
        51,
        1
      ],
      "shape_map": [
        "H",
        "W",
        "CH"
      ],
      "size_bytes": 8160
    },
    {
      "alignment": 4,
      "batch": 0,
      "channel_first": true,
      "channel_last": true,
      "epochs": {
        "end": 1,
        "start": 0
      },
      "flags": "STAI_FLAG_WEIGHTS|STAI_FLAG_CONST|STAI_FLAG_PREALLOCATED",
      "format": "STAI_FORMAT_FLOAT",
      "id": 168,
      "intq": {},
      "is_param": true,
      "mpool_id": 1,
      "name": "output_bias_array",
      "nbits": 32,
      "offset_start": 94208,
      "qmn": {},
      "shape": [
        4
      ],
      "shape_map": [
        "CH"
      ],
      "size_bytes": 16
    },
    {
      "alignment": 4,
      "batch": 0,
      "channel_first": true,
      "channel_last": true,
      "epochs": {
        "end": 25,
        "start": 23
      },
      "flags": "STAI_FLAG_OUTPUTS|STAI_FLAG_PREALLOCATED|STAI_FLAG_ACTIVATIONS",
      "format": "STAI_FORMAT_FLOAT",
      "id": 145,
      "intq": {},
      "is_param": false,
      "mpool_id": 0,
      "name": "output_output_array",
      "nbits": 32,
      "offset_start": 256,
      "qmn": {},
      "shape": [
        4
      ],
      "shape_map": [
        "CH"
      ],
      "size_bytes": 16
    },
    {
      "alignment": 4,
      "batch": 0,
      "channel_first": true,
      "channel_last": true,
      "epochs": {
        "end": 1,
        "start": 0
      },
      "flags": "STAI_FLAG_WEIGHTS|STAI_FLAG_CONST|STAI_FLAG_PREALLOCATED",
      "format": "STAI_FORMAT_FLOAT",
      "id": 165,
      "intq": {},
      "is_param": true,
      "mpool_id": 1,
      "name": "output_weights_array",
      "nbits": 32,
      "offset_start": 93184,
      "qmn": {},
      "shape": [
        4,
        64
      ],
      "shape_map": [
        "CH",
        "CH_IN"
      ],
      "size_bytes": 1024
    }
  ],
  "environment": {
    "device": "stm32 family - 0x415 - STM32L4x6xx @80/80MHz",
    "generated_model": {
      "generated_time": "2025-05-26T15:39:15+0200",
      "name": "network"
    },
    "network_signature": "0x6b8bbbda623078af",
    "test_name": "",
    "tools": [
      {
        "arguments": "validate --target stm32l4 --name network -m C:/Users/ronan/Documents/ETH/S2/Machine Learning on Microcontrollers/project/stm_export/model.onnx --compression none --verbosity 1 --workspace C:/Users/ronan/AppData/Local/Temp/mxAI_workspace113873144132004185055527802112452 --output C:/Users/ronan/.stm32cubemx/network_output --mode target --desc serial:COM4:115200",
        "environment": [
          "STATS_TYPE=X-CUBE-AI"
        ],
        "input_model": {
          "model_files": [
            {
              "name": "model.onnx",
              "signature": "0xcb9d1fc000fae7f1bd24506ba886a1a7"
            }
          ],
          "n_params": 23556,
          "name": "model",
          "size": 94224,
          "type": "onnx"
        },
        "name": "ST.EdgeAI.Core",
        "version": "2.0.0-20049"
      }
    ]
  },
  "graphs": [
    {
      "edges": [
        {
          "buffer": 135,
          "edge_kind": "EDGE_MEMORY",
          "end": {
            "node_id": 15,
            "port": 0
          },
          "id": 0,
          "name": "n14-p0_n15-p0",
          "start": {
            "node_id": 14,
            "port": 0
          }
        },
        {
          "buffer": 137,
          "edge_kind": "EDGE_MEMORY",
          "end": {
            "node_id": 16,
            "port": 0
          },
          "id": 1,
          "name": "n15-p0_n16-p0",
          "start": {
            "node_id": 15,
            "port": 0
          }
        },
        {
          "buffer": 139,
          "edge_kind": "EDGE_MEMORY",
          "end": {
            "node_id": 17,
            "port": 0
          },
          "id": 2,
          "name": "n16-p0_n17-p0",
          "start": {
            "node_id": 16,
            "port": 0
          }
        },
        {
          "buffer": 141,
          "edge_kind": "EDGE_MEMORY",
          "end": {
            "node_id": 18,
            "port": 0
          },
          "id": 3,
          "name": "n17-p0_n18-p0",
          "start": {
            "node_id": 17,
            "port": 0
          }
        },
        {
          "buffer": 143,
          "edge_kind": "EDGE_MEMORY",
          "end": {
            "node_id": 19,
            "port": 0
          },
          "id": 4,
          "name": "n18-p0_n19-p0",
          "start": {
            "node_id": 18,
            "port": 0
          }
        }
      ],
      "exec_time": {
        "counters": null,
        "cycles": 48900686,
        "cycles_by_macc": 9.936473702647982,
        "duration_ms": 611.2585846416653,
        "percentage": 100.0
      },
      "id": 0,
      "inputs": [
        133
      ],
      "name": "model",
      "nodes": [
        {
          "attributes": {
            "dilation": "{H: 1, W: 1}",
            "filter_size": "(3, 3)",
            "groups": "1",
            "is_depthwise": "False",
            "nonlinearity": "relu",
            "num_filters": "16",
            "orig_num_filters": "16",
            "orig_pad": "()",
            "pad": "{H: (1, 1), W: (1, 1)}",
            "pad_strategy": "NOTSET",
            "pad_value": "0",
            "pool_function": "max",
            "pool_pad": "{H: (0, 0), W: (0, 0)}",
            "pool_size": "(2, 2)",
            "pool_stride": "(2, 2)",
            "stride": "(1, 1)",
            "use_bias": "True",
            "weights_prefetch": "True"
          },
          "description": "Conv2D",
          "exec_time": {
            "counters": [
              8110532
            ],
            "cycles": 8110532,
            "cycles_by_macc": 22.62882237400116,
            "duration_ms": 101.38165054321288,
            "percentage": 16.58572216251904
          },
          "id": 14,
          "inputs": [
            133,
            147,
            150
          ],
          "macc": 358416,
          "mapping": "NODE_SW",
          "name": "_conv1_Conv_output_0",
          "original_nodes": [
            "3"
          ],
          "outputs": [
            135
          ],
          "scratchs": [
            179,
            183
          ],
          "subgraph_nodes": [],
          "sw_functions": [
            "forward_conv2d_if32of32wf32_nl_pool"
          ]
        },
        {
          "attributes": {
            "dilation": "{H: 1, W: 1}",
            "filter_size": "(3, 3)",
            "groups": "1",
            "is_depthwise": "False",
            "nonlinearity": "relu",
            "num_filters": "32",
            "orig_num_filters": "32",
            "orig_pad": "()",
            "pad": "{H: (1, 1), W: (1, 1)}",
            "pad_strategy": "NOTSET",
            "pad_value": "0",
            "pool_function": "max",
            "pool_pad": "{H: (0, 0), W: (0, 0)}",
            "pool_size": "(2, 2)",
            "pool_stride": "(2, 2)",
            "stride": "(1, 1)",
            "use_bias": "True",
            "weights_prefetch": "True"
          },
          "description": "Conv2D",
          "exec_time": {
            "counters": [
              21747879
            ],
            "cycles": 21747878,
            "cycles_by_macc": 9.312303030925857,
            "duration_ms": 271.848486328125,
            "percentage": 44.473565387632014
          },
          "id": 15,
          "inputs": [
            135,
            153,
            156
          ],
          "macc": 2335392,
          "mapping": "NODE_SW",
          "name": "_conv2_Conv_output_0",
          "original_nodes": [
            "6"
          ],
          "outputs": [
            137
          ],
          "scratchs": [
            194,
            198
          ],
          "subgraph_nodes": [],
          "sw_functions": [
            "forward_conv2d_if32of32wf32_nl_pool"
          ]
        },
        {
          "attributes": {
            "dilation": "{H: 1, W: 1}",
            "filter_size": "(3, 3)",
            "groups": "1",
            "is_depthwise": "False",
            "num_filters": "64",
            "orig_num_filters": "64",
            "orig_pad": "()",
            "pad": "{H: (1, 1), W: (1, 1)}",
            "pad_strategy": "NOTSET",
            "pad_value": "0",
            "stride": "(1, 1)",
            "use_bias": "True",
            "weights_prefetch": "True"
          },
          "description": "Conv2D",
          "exec_time": {
            "counters": [
              18845002
            ],
            "cycles": 18845002,
            "cycles_by_macc": 8.519810082173548,
            "duration_ms": 235.56252899169922,
            "percentage": 38.537295820522786
          },
          "id": 16,
          "inputs": [
            137,
            159,
            162
          ],
          "macc": 2211904,
          "mapping": "NODE_SW",
          "name": "_conv3_Conv_output_0",
          "original_nodes": [
            "7"
          ],
          "outputs": [
            139
          ],
          "scratchs": [
            205
          ],
          "subgraph_nodes": [],
          "sw_functions": [
            "forward_conv2d_if32of32wf32"
          ]
        },
        {
          "attributes": {
            "nonlinearity": "relu",
            "with_batch_size": "True"
          },
          "description": "Nonlinearity",
          "exec_time": {
            "counters": [
              107840
            ],
            "cycles": 107840,
            "cycles_by_macc": 14.041666666666666,
            "duration_ms": 1.3480100154876709,
            "percentage": 0.2205302386514387
          },
          "id": 17,
          "inputs": [
            139
          ],
          "macc": 7680,
          "mapping": "NODE_SW",
          "name": "_Relu_2_output_0",
          "original_nodes": [
            "8"
          ],
          "outputs": [
            141
          ],
          "scratchs": [],
          "subgraph_nodes": [],
          "sw_functions": [
            "forward_relu"
          ]
        },
        {
          "attributes": {
            "ceil_mode": "floor",
            "pool_function": "avg",
            "pool_pad": "{H: (0, 0), W: (0, 0)}",
            "pool_size": "(10, 12)",
            "pool_stride": "(10, 12)"
          },
          "description": "Pool",
          "exec_time": {
            "counters": [
              86392
            ],
            "cycles": 86392,
            "cycles_by_macc": 11.248958333333333,
            "duration_ms": 1.0799087643623353,
            "percentage": 0.17666970926803494
          },
          "id": 18,
          "inputs": [
            141
          ],
          "macc": 7680,
          "mapping": "NODE_SW",
          "name": "_pool3_GlobalAveragePool_output_0",
          "original_nodes": [
            "9"
          ],
          "outputs": [
            143
          ],
          "scratchs": [],
          "subgraph_nodes": [],
          "sw_functions": [
            "forward_ap"
          ]
        },
        {
          "attributes": {
            "num_units": "4",
            "use_bias": "True"
          },
          "description": "Dense",
          "exec_time": {
            "counters": [
              3040
            ],
            "cycles": 3039,
            "cycles_by_macc": 11.688461538461539,
            "duration_ms": 0.03799999877810478,
            "percentage": 0.006216681406671992
          },
          "id": 19,
          "inputs": [
            143,
            165,
            168
          ],
          "macc": 260,
          "mapping": "NODE_SW",
          "name": "output",
          "original_nodes": [
            "17"
          ],
          "outputs": [
            145
          ],
          "scratchs": [],
          "subgraph_nodes": [],
          "sw_functions": [
            "forward_dense"
          ]
        }
      ],
      "original_inputs": [
        {
          "input": {
            "data_type": "float32",
            "shape": "(BATCH: 1, CH: 1, H: 40, W: 51)"
          }
        }
      ],
      "original_outputs": [
        {
          "output": {
            "data_type": "float32",
            "shape": "(BATCH: 1, CH: 4)"
          }
        }
      ],
      "outputs": [
        145
      ]
    }
  ],
  "json_schema_version": "2.0",
  "memory_footprint": {
    "activations": 47232,
    "io": [
      0,
      0
    ],
    "kernel_flash": null,
    "kernel_ram": null,
    "series": "generic",
    "toolchain": null,
    "toolchain_flash": null,
    "toolchain_ram": null,
    "weights": 94224
  },
  "memory_pools": [
    {
      "address": "NULL",
      "alignment": 4,
      "attributes": {
        "latency": "HIGH",
        "score": 768,
        "throughput": "LOW"
      },
      "buffers": [
        133,
        135,
        137,
        139,
        141,
        143,
        145,
        179,
        183,
        194,
        198,
        205
      ],
      "id": 0,
      "name": "heap_overlay_pool",
      "offset_start": 0,
      "persistent": false,
      "rights": "ACC_WRITE",
      "size_bytes": -1,
      "subpools": [],
      "used_size_bytes": 47232,
      "user_allocated": false,
      "virtual": false
    },
    {
      "address": "NULL",
      "alignment": 0,
      "attributes": {
        "latency": "UNDEF",
        "score": 0,
        "throughput": "UNDEF"
      },
      "buffers": [
        147,
        150,
        153,
        156,
        159,
        162,
        165,
        168
      ],
      "id": 1,
      "name": "weights_array",
      "offset_start": 0,
      "persistent": true,
      "rights": "ACC_READ",
      "size_bytes": -1,
      "subpools": [],
      "used_size_bytes": 94224,
      "user_allocated": false,
      "virtual": false
    }
  ],
  "validation": {
    "val_error": 2.005623827017189e-07,
    "val_error_desc": "x-cross (l2r) #1",
    "val_metrics": [
      {
        "acc": "n.a.",
        "cos": 1.0,
        "desc": "X-cross #1",
        "l2r": 2.005623827017189e-07,
        "mae": 4.3511391822903533e-07,
        "mean": 8.940696716308594e-08,
        "nse": 0.9999999999999502,
        "rmse": 5.216683689468482e-07,
        "std": 5.204970534578024e-07
      }
    ]
  }
}