{
  "buffers": [
    {
      "alignment": 4,
      "batch": 0,
      "channel_first": true,
      "channel_last": true,
      "epochs": {
        "end": 1,
        "start": 0
      },
      "flags": "STAI_FLAG_WEIGHTS|STAI_FLAG_CONST|STAI_FLAG_PREALLOCATED",
      "format": "STAI_FORMAT_S32",
      "id": 583,
      "intq": {},
      "is_param": true,
      "mpool_id": 1,
      "name": "_Relu_1_output_0_bias_array",
      "nbits": 32,
      "offset_start": 9632,
      "qmn": {},
      "shape": [
        32
      ],
      "shape_map": [
        "CH"
      ],
      "size_bytes": 128
    },
    {
      "alignment": 4,
      "batch": 0,
      "channel_first": false,
      "channel_last": true,
      "epochs": {
        "end": 15,
        "start": 9
      },
      "flags": "STAI_FLAG_PREALLOCATED|STAI_FLAG_ACTIVATIONS",
      "format": "STAI_FORMAT_S8",
      "id": 562,
      "intq": {
        "axis": 2,
        "offsets": [
          -128
        ],
        "scales": [
          0.0864473432302475
        ]
      },
      "is_param": false,
      "mpool_id": 0,
      "name": "_Relu_1_output_0_output_array",
      "nbits": 8,
      "offset_start": 0,
      "qmn": {},
      "shape": [
        20,
        25,
        32
      ],
      "shape_map": [
        "H",
        "W",
        "CH"
      ],
      "size_bytes": 16000
    },
    {
      "alignment": 4,
      "batch": 0,
      "channel_first": false,
      "channel_last": true,
      "epochs": {
        "end": 11,
        "start": 7
      },
      "flags": "STAI_FLAG_PREALLOCATED|STAI_FLAG_ACTIVATIONS|STAI_FLAG_SCRATCHS",
      "format": "STAI_FORMAT_S8",
      "id": 622,
      "intq": {},
      "is_param": false,
      "mpool_id": 0,
      "name": "_Relu_1_output_0_scratch0_array",
      "nbits": 8,
      "offset_start": 66944,
      "qmn": {},
      "shape": [
        1,
        1,
        6400,
        1
      ],
      "shape_map": [
        "H",
        "W",
        "CH",
        "CH_IN"
      ],
      "size_bytes": 6400
    },
    {
      "alignment": 4,
      "batch": 0,
      "channel_first": false,
      "channel_last": true,
      "epochs": {
        "end": 12,
        "start": 8
      },
      "flags": "STAI_FLAG_PREALLOCATED|STAI_FLAG_ACTIVATIONS|STAI_FLAG_SCRATCHS",
      "format": "STAI_FORMAT_S8",
      "id": 626,
      "intq": {
        "axis": 3,
        "offsets": [
          -128
        ],
        "scales": [
          0.0864473432302475
        ]
      },
      "is_param": false,
      "mpool_id": 0,
      "name": "_Relu_1_output_0_scratch1_array",
      "nbits": 8,
      "offset_start": 73344,
      "qmn": {},
      "shape": [
        2,
        51,
        32,
        1
      ],
      "shape_map": [
        "H",
        "W",
        "CH",
        "CH_IN"
      ],
      "size_bytes": 3264
    },
    {
      "alignment": 4,
      "batch": 0,
      "channel_first": true,
      "channel_last": false,
      "epochs": {
        "end": 1,
        "start": 0
      },
      "flags": "STAI_FLAG_WEIGHTS|STAI_FLAG_CONST|STAI_FLAG_PREALLOCATED",
      "format": "STAI_FORMAT_S8",
      "id": 580,
      "intq": {
        "axis": 3,
        "offsets": [
          0
        ],
        "scales": [
          0.003327717073261738
        ]
      },
      "is_param": true,
      "mpool_id": 1,
      "name": "_Relu_1_output_0_weights_array",
      "nbits": 8,
      "offset_start": 416,
      "qmn": {},
      "shape": [
        32,
        3,
        3,
        32
      ],
      "shape_map": [
        "CH",
        "H",
        "W",
        "CH_IN"
      ],
      "size_bytes": 9216
    },
    {
      "alignment": 4,
      "batch": 0,
      "channel_first": true,
      "channel_last": true,
      "epochs": {
        "end": 1,
        "start": 0
      },
      "flags": "STAI_FLAG_WEIGHTS|STAI_FLAG_CONST|STAI_FLAG_PREALLOCATED",
      "format": "STAI_FORMAT_S32",
      "id": 589,
      "intq": {},
      "is_param": true,
      "mpool_id": 1,
      "name": "_Relu_2_output_0_bias_array",
      "nbits": 32,
      "offset_start": 28192,
      "qmn": {},
      "shape": [
        64
      ],
      "shape_map": [
        "CH"
      ],
      "size_bytes": 256
    },
    {
      "alignment": 4,
      "batch": 0,
      "channel_first": false,
      "channel_last": true,
      "epochs": {
        "end": 19,
        "start": 14
      },
      "flags": "STAI_FLAG_PREALLOCATED|STAI_FLAG_ACTIVATIONS",
      "format": "STAI_FORMAT_S8",
      "id": 564,
      "intq": {
        "axis": 2,
        "offsets": [
          -128
        ],
        "scales": [
          0.050872281193733215
        ]
      },
      "is_param": false,
      "mpool_id": 0,
      "name": "_Relu_2_output_0_output_array",
      "nbits": 8,
      "offset_start": 22528,
      "qmn": {},
      "shape": [
        20,
        25,
        64
      ],
      "shape_map": [
        "H",
        "W",
        "CH"
      ],
      "size_bytes": 32000
    },
    {
      "alignment": 4,
      "batch": 0,
      "channel_first": false,
      "channel_last": true,
      "epochs": {
        "end": 16,
        "start": 13
      },
      "flags": "STAI_FLAG_PREALLOCATED|STAI_FLAG_ACTIVATIONS|STAI_FLAG_SCRATCHS",
      "format": "STAI_FORMAT_S8",
      "id": 632,
      "intq": {},
      "is_param": false,
      "mpool_id": 0,
      "name": "_Relu_2_output_0_scratch0_array",
      "nbits": 8,
      "offset_start": 16000,
      "qmn": {},
      "shape": [
        1,
        1,
        6528,
        1
      ],
      "shape_map": [
        "H",
        "W",
        "CH",
        "CH_IN"
      ],
      "size_bytes": 6528
    },
    {
      "alignment": 4,
      "batch": 0,
      "channel_first": true,
      "channel_last": false,
      "epochs": {
        "end": 1,
        "start": 0
      },
      "flags": "STAI_FLAG_WEIGHTS|STAI_FLAG_CONST|STAI_FLAG_PREALLOCATED",
      "format": "STAI_FORMAT_S8",
      "id": 586,
      "intq": {
        "axis": 3,
        "offsets": [
          0
        ],
        "scales": [
          0.0045816972851753235
        ]
      },
      "is_param": true,
      "mpool_id": 1,
      "name": "_Relu_2_output_0_weights_array",
      "nbits": 8,
      "offset_start": 9760,
      "qmn": {},
      "shape": [
        64,
        3,
        3,
        32
      ],
      "shape_map": [
        "CH",
        "H",
        "W",
        "CH_IN"
      ],
      "size_bytes": 18432
    },
    {
      "alignment": 4,
      "batch": 0,
      "channel_first": true,
      "channel_last": true,
      "epochs": {
        "end": 1,
        "start": 0
      },
      "flags": "STAI_FLAG_WEIGHTS|STAI_FLAG_CONST|STAI_FLAG_PREALLOCATED",
      "format": "STAI_FORMAT_S32",
      "id": 595,
      "intq": {},
      "is_param": true,
      "mpool_id": 1,
      "name": "_Relu_3_output_0_bias_array",
      "nbits": 32,
      "offset_start": 65312,
      "qmn": {},
      "shape": [
        64
      ],
      "shape_map": [
        "CH"
      ],
      "size_bytes": 256
    },
    {
      "alignment": 4,
      "batch": 0,
      "channel_first": false,
      "channel_last": true,
      "epochs": {
        "end": 22,
        "start": 18
      },
      "flags": "STAI_FLAG_PREALLOCATED|STAI_FLAG_ACTIVATIONS",
      "format": "STAI_FORMAT_S8",
      "id": 566,
      "intq": {
        "axis": 2,
        "offsets": [
          -128
        ],
        "scales": [
          0.0985930934548378
        ]
      },
      "is_param": false,
      "mpool_id": 0,
      "name": "_Relu_3_output_0_output_array",
      "nbits": 8,
      "offset_start": 19200,
      "qmn": {},
      "shape": [
        20,
        25,
        64
      ],
      "shape_map": [
        "H",
        "W",
        "CH"
      ],
      "size_bytes": 32000
    },
    {
      "alignment": 4,
      "batch": 0,
      "channel_first": false,
      "channel_last": true,
      "epochs": {
        "end": 20,
        "start": 17
      },
      "flags": "STAI_FLAG_PREALLOCATED|STAI_FLAG_ACTIVATIONS|STAI_FLAG_SCRATCHS",
      "format": "STAI_FORMAT_S8",
      "id": 638,
      "intq": {},
      "is_param": false,
      "mpool_id": 0,
      "name": "_Relu_3_output_0_scratch0_array",
      "nbits": 8,
      "offset_start": 0,
      "qmn": {},
      "shape": [
        1,
        1,
        7680,
        1
      ],
      "shape_map": [
        "H",
        "W",
        "CH",
        "CH_IN"
      ],
      "size_bytes": 7680
    },
    {
      "alignment": 4,
      "batch": 0,
      "channel_first": true,
      "channel_last": false,
      "epochs": {
        "end": 1,
        "start": 0
      },
      "flags": "STAI_FLAG_WEIGHTS|STAI_FLAG_CONST|STAI_FLAG_PREALLOCATED",
      "format": "STAI_FORMAT_S8",
      "id": 592,
      "intq": {
        "axis": 3,
        "offsets": [
          0
        ],
        "scales": [
          0.0065794107504189014
        ]
      },
      "is_param": true,
      "mpool_id": 1,
      "name": "_Relu_3_output_0_weights_array",
      "nbits": 8,
      "offset_start": 28448,
      "qmn": {},
      "shape": [
        64,
        3,
        3,
        64
      ],
      "shape_map": [
        "CH",
        "H",
        "W",
        "CH_IN"
      ],
      "size_bytes": 36864
    },
    {
      "alignment": 4,
      "batch": 0,
      "channel_first": true,
      "channel_last": true,
      "epochs": {
        "end": 1,
        "start": 0
      },
      "flags": "STAI_FLAG_WEIGHTS|STAI_FLAG_CONST|STAI_FLAG_PREALLOCATED",
      "format": "STAI_FORMAT_S32",
      "id": 601,
      "intq": {},
      "is_param": true,
      "mpool_id": 1,
      "name": "_Relu_4_output_0_bias_array",
      "nbits": 32,
      "offset_start": 67616,
      "qmn": {},
      "shape": [
        32
      ],
      "shape_map": [
        "CH"
      ],
      "size_bytes": 128
    },
    {
      "alignment": 4,
      "batch": 0,
      "channel_first": true,
      "channel_last": true,
      "epochs": {
        "end": 29,
        "start": 24
      },
      "flags": "STAI_FLAG_PREALLOCATED|STAI_FLAG_ACTIVATIONS",
      "format": "STAI_FORMAT_S8",
      "id": 570,
      "intq": {
        "axis": 0,
        "offsets": [
          -128
        ],
        "scales": [
          0.03266971558332443
        ]
      },
      "is_param": false,
      "mpool_id": 0,
      "name": "_Relu_4_output_0_output_array",
      "nbits": 8,
      "offset_start": 192,
      "qmn": {},
      "shape": [
        32
      ],
      "shape_map": [
        "CH"
      ],
      "size_bytes": 32
    },
    {
      "alignment": 4,
      "batch": 0,
      "channel_first": false,
      "channel_last": true,
      "epochs": {
        "end": 26,
        "start": 23
      },
      "flags": "STAI_FLAG_PREALLOCATED|STAI_FLAG_ACTIVATIONS|STAI_FLAG_SCRATCHS",
      "format": "STAI_FORMAT_S16",
      "id": 644,
      "intq": {},
      "is_param": false,
      "mpool_id": 0,
      "name": "_Relu_4_output_0_scratch0_array",
      "nbits": 16,
      "offset_start": 64,
      "qmn": {},
      "shape": [
        1,
        1,
        64,
        1
      ],
      "shape_map": [
        "H",
        "W",
        "CH",
        "CH_IN"
      ],
      "size_bytes": 128
    },
    {
      "alignment": 4,
      "batch": 0,
      "channel_first": true,
      "channel_last": true,
      "epochs": {
        "end": 1,
        "start": 0
      },
      "flags": "STAI_FLAG_WEIGHTS|STAI_FLAG_CONST|STAI_FLAG_PREALLOCATED",
      "format": "STAI_FORMAT_S8",
      "id": 598,
      "intq": {
        "axis": 1,
        "offsets": [
          0
        ],
        "scales": [
          0.004117642529308796
        ]
      },
      "is_param": true,
      "mpool_id": 1,
      "name": "_Relu_4_output_0_weights_array",
      "nbits": 8,
      "offset_start": 65568,
      "qmn": {},
      "shape": [
        32,
        64
      ],
      "shape_map": [
        "CH",
        "CH_IN"
      ],
      "size_bytes": 2048
    },
    {
      "alignment": 4,
      "batch": 0,
      "channel_first": true,
      "channel_last": true,
      "epochs": {
        "end": 1,
        "start": 0
      },
      "flags": "STAI_FLAG_WEIGHTS|STAI_FLAG_CONST|STAI_FLAG_PREALLOCATED",
      "format": "STAI_FORMAT_S32",
      "id": 577,
      "intq": {},
      "is_param": true,
      "mpool_id": 1,
      "name": "_Relu_output_0_bias_array",
      "nbits": 32,
      "offset_start": 288,
      "qmn": {},
      "shape": [
        32
      ],
      "shape_map": [
        "CH"
      ],
      "size_bytes": 128
    },
    {
      "alignment": 4,
      "batch": 0,
      "channel_first": false,
      "channel_last": true,
      "epochs": {
        "end": 10,
        "start": 4
      },
      "flags": "STAI_FLAG_PREALLOCATED|STAI_FLAG_ACTIVATIONS",
      "format": "STAI_FORMAT_S8",
      "id": 560,
      "intq": {
        "axis": 2,
        "offsets": [
          -128
        ],
        "scales": [
          0.13726504147052765
        ]
      },
      "is_param": false,
      "mpool_id": 0,
      "name": "_Relu_output_0_output_array",
      "nbits": 8,
      "offset_start": 1664,
      "qmn": {},
      "shape": [
        40,
        51,
        32
      ],
      "shape_map": [
        "H",
        "W",
        "CH"
      ],
      "size_bytes": 65280
    },
    {
      "alignment": 4,
      "batch": 0,
      "channel_first": false,
      "channel_last": true,
      "epochs": {
        "end": 6,
        "start": 3
      },
      "flags": "STAI_FLAG_PREALLOCATED|STAI_FLAG_ACTIVATIONS|STAI_FLAG_SCRATCHS",
      "format": "STAI_FORMAT_S8",
      "id": 613,
      "intq": {},
      "is_param": false,
      "mpool_id": 0,
      "name": "_Relu_output_0_scratch0_array",
      "nbits": 8,
      "offset_start": 68984,
      "qmn": {},
      "shape": [
        1,
        1,
        740,
        1
      ],
      "shape_map": [
        "H",
        "W",
        "CH",
        "CH_IN"
      ],
      "size_bytes": 740
    },
    {
      "alignment": 4,
      "batch": 0,
      "channel_first": true,
      "channel_last": false,
      "epochs": {
        "end": 1,
        "start": 0
      },
      "flags": "STAI_FLAG_WEIGHTS|STAI_FLAG_CONST|STAI_FLAG_PREALLOCATED",
      "format": "STAI_FORMAT_S8",
      "id": 574,
      "intq": {
        "axis": 3,
        "offsets": [
          0
        ],
        "scales": [
          0.000725507503375411
        ]
      },
      "is_param": true,
      "mpool_id": 1,
      "name": "_Relu_output_0_weights_array",
      "nbits": 8,
      "offset_start": 0,
      "qmn": {},
      "shape": [
        32,
        3,
        3,
        1
      ],
      "shape_map": [
        "CH",
        "H",
        "W",
        "CH_IN"
      ],
      "size_bytes": 288
    },
    {
      "alignment": 4,
      "batch": 0,
      "channel_first": false,
      "channel_last": true,
      "epochs": {
        "end": 25,
        "start": 21
      },
      "flags": "STAI_FLAG_PREALLOCATED|STAI_FLAG_ACTIVATIONS",
      "format": "STAI_FORMAT_S8",
      "id": 568,
      "intq": {
        "axis": 2,
        "offsets": [
          -128
        ],
        "scales": [
          0.005875198170542717
        ]
      },
      "is_param": false,
      "mpool_id": 0,
      "name": "_pool2_GlobalAveragePool_output_0_output_array",
      "nbits": 8,
      "offset_start": 0,
      "qmn": {},
      "shape": [
        1,
        1,
        64
      ],
      "shape_map": [
        "H",
        "W",
        "CH"
      ],
      "size_bytes": 64
    },
    {
      "alignment": 4,
      "batch": 0,
      "channel_first": false,
      "channel_last": true,
      "epochs": {
        "end": 5,
        "start": 2
      },
      "flags": "STAI_FLAG_INPUTS|STAI_FLAG_PREALLOCATED|STAI_FLAG_ACTIVATIONS",
      "format": "STAI_FORMAT_S8",
      "id": 558,
      "intq": {
        "axis": 2,
        "offsets": [
          63
        ],
        "scales": [
          3.131335973739624
        ]
      },
      "is_param": false,
      "mpool_id": 0,
      "name": "input_output_array",
      "nbits": 8,
      "offset_start": 66944,
      "qmn": {},
      "shape": [
        40,
        51,
        1
      ],
      "shape_map": [
        "H",
        "W",
        "CH"
      ],
      "size_bytes": 2040
    },
    {
      "alignment": 4,
      "batch": 0,
      "channel_first": true,
      "channel_last": true,
      "epochs": {
        "end": 1,
        "start": 0
      },
      "flags": "STAI_FLAG_WEIGHTS|STAI_FLAG_CONST|STAI_FLAG_PREALLOCATED",
      "format": "STAI_FORMAT_S32",
      "id": 607,
      "intq": {},
      "is_param": true,
      "mpool_id": 1,
      "name": "output_QuantizeLinear_Input_bias_array",
      "nbits": 32,
      "offset_start": 68000,
      "qmn": {},
      "shape": [
        8
      ],
      "shape_map": [
        "CH"
      ],
      "size_bytes": 32
    },
    {
      "alignment": 4,
      "batch": 0,
      "channel_first": true,
      "channel_last": true,
      "epochs": {
        "end": 31,
        "start": 28
      },
      "flags": "STAI_FLAG_OUTPUTS|STAI_FLAG_PREALLOCATED|STAI_FLAG_ACTIVATIONS",
      "format": "STAI_FORMAT_S8",
      "id": 572,
      "intq": {
        "axis": 0,
        "offsets": [
          -19
        ],
        "scales": [
          0.1532265990972519
        ]
      },
      "is_param": false,
      "mpool_id": 0,
      "name": "output_QuantizeLinear_Input_output_array",
      "nbits": 8,
      "offset_start": 64,
      "qmn": {},
      "shape": [
        8
      ],
      "shape_map": [
        "CH"
      ],
      "size_bytes": 8
    },
    {
      "alignment": 4,
      "batch": 0,
      "channel_first": false,
      "channel_last": true,
      "epochs": {
        "end": 30,
        "start": 27
      },
      "flags": "STAI_FLAG_PREALLOCATED|STAI_FLAG_ACTIVATIONS|STAI_FLAG_SCRATCHS",
      "format": "STAI_FORMAT_S16",
      "id": 650,
      "intq": {},
      "is_param": false,
      "mpool_id": 0,
      "name": "output_QuantizeLinear_Input_scratch0_array",
      "nbits": 16,
      "offset_start": 0,
      "qmn": {},
      "shape": [
        1,
        1,
        32,
        1
      ],
      "shape_map": [
        "H",
        "W",
        "CH",
        "CH_IN"
      ],
      "size_bytes": 64
    },
    {
      "alignment": 4,
      "batch": 0,
      "channel_first": true,
      "channel_last": true,
      "epochs": {
        "end": 1,
        "start": 0
      },
      "flags": "STAI_FLAG_WEIGHTS|STAI_FLAG_CONST|STAI_FLAG_PREALLOCATED",
      "format": "STAI_FORMAT_S8",
      "id": 604,
      "intq": {
        "axis": 1,
        "offsets": [
          0
        ],
        "scales": [
          0.008376630954444408
        ]
      },
      "is_param": true,
      "mpool_id": 1,
      "name": "output_QuantizeLinear_Input_weights_array",
      "nbits": 8,
      "offset_start": 67744,
      "qmn": {},
      "shape": [
        8,
        32
      ],
      "shape_map": [
        "CH",
        "CH_IN"
      ],
      "size_bytes": 256
    }
  ],
  "environment": {
    "generated_model": {
      "generated_time": "2025-06-11T23:09:15+0200",
      "model_files": [
        {
          "name": "network_data_params.h",
          "signature": "0x36149ae102f5bb6679a397084972f2c1"
        },
        {
          "name": "network_data_params.c",
          "signature": "0x724b3b6a803bf1623c8658aaec70fa20"
        },
        {
          "name": "network_data.h",
          "signature": "0x3ad3c5c0ad14b8d658b512b5fee9fba7"
        },
        {
          "name": "network_data.c",
          "signature": "0x927292a89c1e01d5d18a6fee58879860"
        },
        {
          "name": "network_config.h",
          "signature": "0xde52db35343ea0040b27707df7cc3c29"
        },
        {
          "name": "network.h",
          "signature": "0xe00b8ae02c75d6a75372f2a9aefbdca5"
        },
        {
          "name": "network.c",
          "signature": "0x25cccf4031d1828c51a635e01d3fc4cd"
        }
      ],
      "name": "network"
    },
    "network_signature": "0x68889be8835b0b79",
    "test_name": "",
    "tools": [
      {
        "arguments": "generate --target stm32l4 --name network -m C:/Users/ronan/Documents/ETH/S2/Machine Learning on Microcontrollers/project/reports/20250611-120913/model_quantized.onnx --compression none --verbosity 1 --workspace C:/Users/ronan/AppData/Local/Temp/mxAI_workspace4845589217350016887132599001750351 --output C:/Users/ronan/.stm32cubemx/network_output",
        "environment": [
          "STATS_TYPE=X-CUBE-AI"
        ],
        "input_model": {
          "model_files": [
            {
              "name": "model_quantized.onnx",
              "signature": "0x7cc66f0e9d6eeef5e602b2ad31d45af0"
            }
          ],
          "n_params": 67336,
          "name": "model_quantized",
          "size": 269344,
          "type": "onnx"
        },
        "name": "ST.EdgeAI.Core",
        "version": "2.0.0-20049"
      }
    ]
  },
  "graphs": [
    {
      "edges": [
        {
          "buffer": 560,
          "edge_kind": "EDGE_MEMORY",
          "end": {
            "node_id": 21,
            "port": 0
          },
          "id": 0,
          "name": "n20-p0_n21-p0",
          "start": {
            "node_id": 20,
            "port": 0
          }
        },
        {
          "buffer": 562,
          "edge_kind": "EDGE_MEMORY",
          "end": {
            "node_id": 22,
            "port": 0
          },
          "id": 1,
          "name": "n21-p0_n22-p0",
          "start": {
            "node_id": 21,
            "port": 0
          }
        },
        {
          "buffer": 564,
          "edge_kind": "EDGE_MEMORY",
          "end": {
            "node_id": 23,
            "port": 0
          },
          "id": 2,
          "name": "n22-p0_n23-p0",
          "start": {
            "node_id": 22,
            "port": 0
          }
        },
        {
          "buffer": 566,
          "edge_kind": "EDGE_MEMORY",
          "end": {
            "node_id": 24,
            "port": 0
          },
          "id": 3,
          "name": "n23-p0_n24-p0",
          "start": {
            "node_id": 23,
            "port": 0
          }
        },
        {
          "buffer": 568,
          "edge_kind": "EDGE_MEMORY",
          "end": {
            "node_id": 25,
            "port": 0
          },
          "id": 4,
          "name": "n24-p0_n25-p0",
          "start": {
            "node_id": 24,
            "port": 0
          }
        },
        {
          "buffer": 570,
          "edge_kind": "EDGE_MEMORY",
          "end": {
            "node_id": 26,
            "port": 0
          },
          "id": 5,
          "name": "n25-p0_n26-p0",
          "start": {
            "node_id": 25,
            "port": 0
          }
        }
      ],
      "id": 0,
      "inputs": [
        558
      ],
      "name": "model_quantized",
      "nodes": [
        {
          "attributes": {
            "dilation": "{H: 1, W: 1}",
            "filter_size": "(3, 3)",
            "groups": "1",
            "is_depthwise": "False",
            "num_filters": "32",
            "orig_num_filters": "None",
            "orig_pad": "(1, 1, 1, 1)",
            "pad": "{H: (1, 1), W: (1, 1)}",
            "pad_strategy": "NOTSET",
            "pad_value": "0",
            "stride": "(1, 1)",
            "use_bias": "True",
            "use_deep_kernels": "False"
          },
          "description": "Conv2D",
          "id": 20,
          "inputs": [
            558,
            574,
            577
          ],
          "macc": 587552,
          "mapping": "NODE_SW",
          "name": "_Relu_output_0",
          "original_nodes": [
            "18"
          ],
          "outputs": [
            560
          ],
          "scratchs": [
            613
          ],
          "subgraph_nodes": [],
          "sw_functions": [
            "forward_conv2d_integer_SSSA"
          ]
        },
        {
          "attributes": {
            "dilation": "{H: 1, W: 1}",
            "filter_size": "(3, 3)",
            "groups": "1",
            "is_depthwise": "False",
            "num_filters": "32",
            "orig_num_filters": "None",
            "orig_pad": "(1, 1, 1, 1)",
            "pad": "{H: (1, 1), W: (1, 1)}",
            "pad_strategy": "NOTSET",
            "pad_value": "0",
            "pool_function": "max",
            "pool_pad": "{H: (0, 0), W: (0, 0)}",
            "pool_size": "(2, 2)",
            "pool_stride": "(2, 2)",
            "stride": "(1, 1)",
            "use_bias": "True",
            "use_deep_kernels": "True"
          },
          "description": "Conv2D",
          "id": 21,
          "inputs": [
            560,
            580,
            583
          ],
          "macc": 18864672,
          "mapping": "NODE_SW",
          "name": "_Relu_1_output_0",
          "original_nodes": [
            "24"
          ],
          "outputs": [
            562
          ],
          "scratchs": [
            622,
            626
          ],
          "subgraph_nodes": [],
          "sw_functions": [
            "forward_conv2d_nl_pool_integer_SSSA"
          ]
        },
        {
          "attributes": {
            "dilation": "{H: 1, W: 1}",
            "filter_size": "(3, 3)",
            "groups": "1",
            "is_depthwise": "False",
            "num_filters": "64",
            "orig_num_filters": "None",
            "orig_pad": "(1, 1, 1, 1)",
            "pad": "{H: (1, 1), W: (1, 1)}",
            "pad_strategy": "NOTSET",
            "pad_value": "0",
            "stride": "(1, 1)",
            "use_bias": "True",
            "use_deep_kernels": "True"
          },
          "description": "Conv2D",
          "id": 22,
          "inputs": [
            562,
            586,
            589
          ],
          "macc": 9216064,
          "mapping": "NODE_SW",
          "name": "_Relu_2_output_0",
          "original_nodes": [
            "27"
          ],
          "outputs": [
            564
          ],
          "scratchs": [
            632
          ],
          "subgraph_nodes": [],
          "sw_functions": [
            "forward_conv2d_integer_SSSA"
          ]
        },
        {
          "attributes": {
            "dilation": "{H: 1, W: 1}",
            "filter_size": "(3, 3)",
            "groups": "1",
            "is_depthwise": "False",
            "num_filters": "64",
            "orig_num_filters": "None",
            "orig_pad": "(1, 1, 1, 1)",
            "pad": "{H: (1, 1), W: (1, 1)}",
            "pad_strategy": "NOTSET",
            "pad_value": "0",
            "stride": "(1, 1)",
            "use_bias": "True",
            "use_deep_kernels": "True"
          },
          "description": "Conv2D",
          "id": 23,
          "inputs": [
            564,
            592,
            595
          ],
          "macc": 18432064,
          "mapping": "NODE_SW",
          "name": "_Relu_3_output_0",
          "original_nodes": [
            "30"
          ],
          "outputs": [
            566
          ],
          "scratchs": [
            638
          ],
          "subgraph_nodes": [],
          "sw_functions": [
            "forward_conv2d_integer_SSSA"
          ]
        },
        {
          "attributes": {
            "ceil_mode": "floor",
            "pool_function": "avg",
            "pool_pad": "{H: (0, 0), W: (0, 0)}",
            "pool_size": "(20, 25)",
            "pool_stride": "(20, 25)"
          },
          "description": "Pool",
          "id": 24,
          "inputs": [
            566
          ],
          "macc": 32000,
          "mapping": "NODE_SW",
          "name": "_pool2_GlobalAveragePool_output_0",
          "original_nodes": [
            "33"
          ],
          "outputs": [
            568
          ],
          "scratchs": [],
          "subgraph_nodes": [],
          "sw_functions": [
            "forward_ap_integer_INT8"
          ]
        },
        {
          "attributes": {
            "num_units": "32",
            "use_bias": "True"
          },
          "description": "Dense",
          "id": 25,
          "inputs": [
            568,
            598,
            601
          ],
          "macc": 2080,
          "mapping": "NODE_SW",
          "name": "_Relu_4_output_0",
          "original_nodes": [
            "43"
          ],
          "outputs": [
            570
          ],
          "scratchs": [
            644
          ],
          "subgraph_nodes": [],
          "sw_functions": [
            "forward_dense_integer_SSSA"
          ]
        },
        {
          "attributes": {
            "num_units": "8",
            "use_bias": "True"
          },
          "description": "Dense",
          "id": 26,
          "inputs": [
            570,
            604,
            607
          ],
          "macc": 264,
          "mapping": "NODE_SW",
          "name": "output_QuantizeLinear_Input",
          "original_nodes": [
            "46"
          ],
          "outputs": [
            572
          ],
          "scratchs": [
            650
          ],
          "subgraph_nodes": [],
          "sw_functions": [
            "forward_dense_integer_SSSA"
          ]
        }
      ],
      "original_inputs": [
        {
          "input": {
            "data_type": "float32",
            "shape": "(BATCH: 1, CH: 1, H: 40, W: 51)"
          }
        }
      ],
      "original_outputs": [
        {
          "output": {
            "data_type": "float32",
            "shape": "(BATCH: 1, CH: 8)"
          }
        }
      ],
      "outputs": [
        572
      ]
    }
  ],
  "json_schema_version": "2.0",
  "memory_footprint": {
    "activations": 76608,
    "io": [
      0,
      0
    ],
    "kernel_flash": 35979,
    "kernel_ram": 3472,
    "series": "stm32l4",
    "toolchain": "arm-none-eabi-gcc (GNU Tools for STM32 13.3.rel1.20240926-1715) 13.3.1 20240614",
    "toolchain_flash": 1652,
    "toolchain_ram": 0,
    "weights": 68032
  },
  "memory_pools": [
    {
      "address": "NULL",
      "alignment": 4,
      "attributes": {
        "latency": "HIGH",
        "score": 768,
        "throughput": "LOW"
      },
      "buffers": [
        558,
        560,
        562,
        564,
        566,
        568,
        570,
        572,
        613,
        622,
        626,
        632,
        638,
        644,
        650
      ],
      "id": 0,
      "name": "heap_overlay_pool",
      "offset_start": 0,
      "persistent": false,
      "rights": "ACC_WRITE",
      "size_bytes": -1,
      "subpools": [],
      "used_size_bytes": 76608,
      "user_allocated": false,
      "virtual": false
    },
    {
      "address": "s_network_weights_array_u64",
      "alignment": 0,
      "attributes": {
        "latency": "UNDEF",
        "score": 0,
        "throughput": "UNDEF"
      },
      "buffers": [
        574,
        577,
        580,
        583,
        586,
        589,
        592,
        595,
        598,
        601,
        604,
        607
      ],
      "id": 1,
      "name": "weights_array",
      "offset_start": 0,
      "persistent": true,
      "rights": "ACC_READ",
      "size_bytes": -1,
      "subpools": [],
      "used_size_bytes": 68032,
      "user_allocated": false,
      "virtual": false
    }
  ]
}